"ID_Intervencion","ID_Padre","Fecha","Actor_Izquierda","Actor_Derecha","Estado_Lectura","Revision_ID","Motivo_Original","Reservas","Final_Izquierda","Inicio_Derecha"
"RPM-2005-07-12:301:1","301","2005-07-12","Nicolás Eyzaguirre Guzmán","Manuel Marfán Lewis","SIN_FICHA_BILATERAL","","FINAL_SIN_PUNTUACION","","andiendo 3%, se presenta un shock y, durante algún tiempo el precio del petróleo se expande a 6% y, la tasa de política monetaria permanece constante, cabría preguntarse si, en este caso, cambiaron las funciones monetarias para la economía,","Al respecto, el Consejero señor Marfán, señala que la pregunta es distinta porque allí se tiene un shock de oferta y, por lo tanto, frente a un shock de este tipo la reacción de política monetaria puede ser diferente para efectos de la tasa"
"RPM-2006-03-16:601:1","601","2006-03-16","Consejo del Banco Central de Chile","Pablo García Silva","SIN_FICHA_BILATERAL","","FINAL_SIN_PUNTUACION","","mitir el ingreso de un
grupo de reporteros que tomará imágenes de los miembros del Consejo con el nuevo Ministro
de Hacienda señor Andrés Velasco. Una vez realizado este cometido, se reinicia la sesión con
la exposición de don Pablo García,","quien señala que durante el último mes, las condiciones
monetarias no muestran cambios significativos. Las tasas de interés reajustables de largo plazo
están en niveles similares a los vigentes al momento de la reunión pasada, y las tasas d"
"RPM-2006-04-13:631:2","631","2006-04-13","Andrés Velasco Brañes","Sergio Lehmann Beresi","SIN_FICHA_BILATERAL","","FINAL_SIN_PUNTUACION","","Consulta también el señor Ministro si las ventas han caído,","a lo cual el señor Lehmann responde afirmativamente, y agrega, que respecto a las condiciones financieras internacionales, existe preocupación por las mayores presiones de inflación."
"RPM-2006-05-11:658:1","658","2006-05-11","Vittorio Corbo Lioi","Enrique Marshall Rivera","SIN_FICHA_BILATERAL","","FINAL_SIN_PUNTUACION","","El señor Presidente ofrece la palabra para comentarios respecto a la exposición de la parte internacional,","El Consejero señor Marshall, consulta cuál es la evaluación de la trayectoria del spread de Chile, que aparece subiendo algo y distanciándose de otros puntos de referencia, como son China, Hungría, Polonia, y otros."
"RPM-2007-08-09:1386:1","1386","2007-08-09","Vittorio Corbo Lioi","Sergio Lehmann Beresi","SIN_FICHA_BILATERAL","","FINAL_SIN_PUNTUACION","","El Presidente señor Vittorio Corbo consulta cómo cerró el cobre en la Bolsa de Londres en el día de hoy,","señalando el señor Lehmann que la cifra fue de 3,48 dólares la libra."
"RPM-2007-09-13:1410:1","1410","2007-09-13","Sergio Lehmann Beresi","Beltrán de Ramón Acevedo","LIMITE_REVISADO_SIN_CIERRE","COMA-20260908-L1-1410-1","FINAL_SIN_PUNTUACION","","El Gerente de Análisis Internacional señor Lehmann señala que el spread de México que reporta JPMorgan, EMBI México, es el que aparece en el gráfico, esto es, 135 puntos base. Dentro del EMBI el 40% de los bonos son PEMEX,","El Gerente de Mercados Financieros Nacionales señor Beltrán De Ramón indica que revisó los comentarios sobre este tema y complementando lo expresado por el señor Ministro de Hacienda en el Diario Financiero, puede concluir que el tema actua"
"RPM-2008-03-13:1713:3","1713","2008-03-13","Andrés Velasco Brañes","José De Gregorio Rebeco","LIMITE_REVISADO_SIN_CIERRE","COMA-20260908-L1-1713-3","FINAL_SIN_PUNTUACION","","En relación a los índices del sector manufacturero y agrícola, el señor Ministro solicita al Presidente la posibilidad de que el staff del Banco confeccione índices de precios al integro del sector manufacturero como del sector agrícola,","a lo que el señor Presidente responde que se verá la factibilidad de integrar dicha petición a la agenda de trabajo del equipo."
"RPM-2008-03-13:1714:1","1714","2008-03-13","Sebastián Claro Edwards","Igal Magendzo Weinberger","LIMITE_REVISADO_SIN_CIERRE","COMA-20260908-L1-1714-1","FINAL_SIN_PUNTUACION","","El Consejero señor Sebastián Claro menciona que el Servicio Nacional de Aduanas posee todos los datos de valor unitario,","a lo que el señor Magendzo responde que efectivamente es así, pero que son datos que requieren ser organizados y ponderados en forma muy minuciosa, con muchos detalles y aplicando filtros para obtener la información requerida. Comenta asimi"
"RPM-2008-03-13:1718:1","1718","2008-03-13","Jorge Desormeaux Jiménez","Igal Magendzo Weinberger","SIN_FICHA_BILATERAL","","FINAL_SIN_PUNTUACION","","podría explicar que un tipo de cambio que se apreció muy poco el año pasado, súbitamente se deprecia en el país que se usa para la protección y por ello, consulta cómo se lee esa depreciación, cuáles son las áreas que suman la depreciación,","a lo que el Gerente señor Magendzo responde que todas las áreas, positivas más negativas."
"RPM-2008-03-13:1737:1","1737","2008-03-13","Jorge Desormeaux Jiménez","Sebastián Claro Edwards","SIN_FICHA_BILATERAL","","FINAL_SIN_PUNTUACION","","El Vicepresidente señor Jorge Desormeaux señala que se suma a la mayoría antes mencionada,","y el Consejero señor Sebastián Claro manifiesta que mantiene su votación consistente en subir la Tasa de Política Monetaria a 6,50%."
"RPM-2008-05-08:1809:1","1809","2008-05-08","José De Gregorio Rebeco","Pablo García Silva","LIMITE_REVISADO_SIN_CIERRE","COMA-20260908-L1-1809-1","FINAL_SIN_PUNTUACION","Se conservan De Gregario, va a ener y yeso. La lectura del límite no certifica esos términos ni habilita alias."," en Chile. Comenta que es probable que en dichas zonas este tipo de situaciones ocurra con un poco más de rezago, en tanto, en el grueso de los países en desarrollo se están realizando infinidad de cosas para evitar los aumentos de precios,","El Gerente de División Estudios, señor Pablo García comenta que el Banco va a ener información más detallada de esta materia porque se está a punto de obtener una base de datos bien precisa, respecto a las canastas de consumo en un conjunto"
"RPM-2008-06-10:1857:1","1857","2008-06-10","Manuel Marfán Lewis","Sergio Lehmann Beresi","LIMITE_REVISADO_SIN_CIERRE","COMA-20260908-L1-1857-1","FINAL_SIN_PUNTUACION","","El Consejero señor Manuel Marfán consulta si el ¡PC Care en la Zona Euro excluye energía y alimentos al igual que en Estados Unidos de América,","a lo que el señor Lehmann responde afirmativamente."
"RPM-2008-06-10:1871:1","1871","2008-06-10","José De Gregorio Rebeco","Sergio Lehmann Beresi","LIMITE_REVISADO_SIN_CIERRE","COMA-20260908-L1-1871-1","FINAL_SIN_PUNTUACION","","El señor Presidente comenta que los precios de estos tres productos agrícolas casi se triplican comparados con el año 2002,","lo que comparte el señor Lehmann, quien agrega que lo más decidor es que se prevé que se mantendrán en esos niveles hasta el año 2017, por lo menos."
"RPM-2008-06-10:1901:2","1901","2008-06-10","Consejo del Banco Central de Chile","José De Gregorio Rebeco","SIN_FICHA_BILATERAL","","FINAL_SIN_PUNTUACION","","Siendo las 16:00 horas, se reanuda la Sesión de Política Monetaria N °124,","El Presidente señor José De Gregorio ofrece la palabra al Gerente de División Estudios señor Pablo García a fin que presente las Opciones de Política Monetaria para esta Reunión."
"RPM-2008-08-14:2027:1","2027","2008-08-14","Jorge Desormeaux Jiménez","Claudio Soto Gamboa","LIMITE_REVISADO_SIN_CIERRE","COMA-20260908-L1-2027-1","FINAL_SIN_PUNTUACION","","El Vicepresidente señor Desormeaux agrega que le da la impresión de que las cifras de la Universidad de Chile registran una baja en la tasa de desempleo,","lo que confirma el Gerente de Análisis Macroeconómico señor Soto."
"RPM-2008-10-09:2112:3","2112","2008-10-09","Consejo del Banco Central de Chile","José De Gregorio Rebeco","SIN_FICHA_BILATERAL","","FINAL_SIN_PUNTUACION","","Siendo las 16;00 horas, se reanuda la Sesión de Política Monetaria N° 129,","El Presidente señor José De Gregorio fija la Reunión de Política Monetaria del mes de abril de 2009, para el día jueves 9. Posteriormente, ofrece la palabra al Gerente de División Estudios señor Pablo García para que presente las Opciones d"
"RPM-2008-12-11:2198:1","2198","2008-12-11","Sergio Lehmann Beresi","José De Gregorio Rebeco","LIMITE_REVISADO_SIN_CIERRE","COMA-20260908-L1-2198-1","FINAL_SIN_PUNTUACION",""," en particular alguna resistencia al descenso de la inflación y agrega que de hecho esa situación fue uno de los elementos que hoy día, el Banco Central de Brasil tomó en consideración para efectos de mantener su Tasa de Política Monetaria,","El Presidente señor José De Gregorio agradece la exposición del señor Sergio Lehmann respecto al escenario internacional y ofrece la palabra para consultas o comentarios."
"RPM-2009-03-12:2392:1","2392","2009-03-12","Jorge Desormeaux Jiménez","Sergio Lehmann Beresi","LIMITE_REVISADO_SIN_CIERRE","COMA-20260908-L1-2392-1","FINAL_SIN_PUNTUACION","","El señor Vicepresidente consulta si no se cuenta con datos más recientes que los que se han filtrado,","y el señor Sergio Lehmann informa que menos 0,5 de crecimiento es la cifra que se dio a conocer formalmente."
"RPM-2009-05-07:2532:3","2532","2009-05-07","Manuel Marfán Lewis","Claudio Soto Gamboa","SIN_FICHA_BILATERAL","","FINAL_SIN_PUNTUACION","","elante. Si es todavía una reducción deseada de inventarios, entonces se está hablando de otra cosa, pero advierte que no se cuenta con buenas cifras de inventarios, sin que esto último sea una crítica a la Gerencia de División Estadísticas,","El Gerente de Análisis Macroeconómico señor Claudio Soto señala que la única evidencia disponible es la encuesta que para el mes de abril todavía muestra que los inventarios están por sobre lo deseado."
"RPM-2009-05-07:2535:1","2535","2009-05-07","Claudio Soto Gamboa","José De Gregorio Rebeco","LIMITE_REVISADO_SIN_CIERRE","COMA-20260908-L1-2535-1","FINAL_SIN_PUNTUACION","Residuo / , al final de Soto. Requiere cotejo textual; verificar el cambio de voz no cierra esta reserva ni elimina el aviso.","te a la presente Reunión, por lo que no dispuso de demasiado tiempo para analizarla. En su opinión personal, esta proyección estaría algo sesgada al alza en términos de inflación, y podría ser que se tenga menos inflación hacia delante. / ,","El Presidente señor José De Gregorio señala que mañana se va a contar con una proyección más definitiva. Indica que entre noviembre y diciembre, la inflación acumulada fue aproximadamente -1,3%, lo que quiere decir que noviembre y diciembre"
"RPM-2009-06-16:2555:1","2555","2009-06-16","Enrique Marshall Rivera","Manuel Marfán Lewis","SIN_FICHA_BILATERAL","","FINAL_SIN_PUNTUACION","","El Consejero señor Enrique Marshall consulta si en el caso de Chile las importaciones de bienes de capital también están aumentando,","a lo cual el Consejero Manuel Marfán comenta que ellas están rebotando más que subiendo"
"RPM-2009-06-16:2556:2","2556","2009-06-16","Sebastián Claro Edwards","Sergio Lehmann Beresi","SIN_FICHA_BILATERAL","","FINAL_SIN_PUNTUACION","","El Consejero Sebastián Claro consulta acerca de las razones por las que se califica como una sorpresa,","a lo cual el señor Lehmann responde que ello obedece a que las cifras resultantes fueron peores que las esperadas. El Gerente de Análisis Internacional continúa informando que, por primera vez después de casi un año, se han estado revisando"
"RPM-2009-06-16:2560:3","2560","2009-06-16","Manuel Marfán Lewis","Pablo García Silva","LIMITE_REVISADO_SIN_CIERRE","COMA-20260908-L1-2560-3","FINAL_SIN_PUNTUACION","","stas se concluye que las correspondientes a los meses anteriores eran malas, mientras que las del mes de mayo resultaron las peores en su conjunto y que, a su juicio, la gran noticia de esta reunión es que simplemente estas dejaron de caer,","a lo cual el Gerente de División Estudios, señor Pablo García, agrega que, desde el punto de vista de la economía mundial no hay antecedentes que hagan revisar el escenario del último Informe de Política Monetaria (IPoM)."
"RPM-2009-06-16:2565:1","2565","2009-06-16","Jorge Desormeaux Jiménez","Beltrán de Ramón Acevedo","LIMITE_REVISADO_SIN_CIERRE","COMA-20260908-L1-2565-1","FINAL_SIN_PUNTUACION","","El Vicepresidente señor Jorge Desormeaux resalta que la TIP está en el mismo nivel que en septiembre de 2008,","a lo cual el señor De Ramón precisa que actualmente se encuentra en 1,82% versus 1,83% de septiembre y que la tasa nominal en 3,68 % y 3,73%, respectivamente."
"RPM-2009-06-16:2566:3","2566","2009-06-16","Sergio Lehmann Beresi","Jorge Desormeaux Jiménez","SIN_FICHA_BILATERAL","","FINAL_SIN_PUNTUACION","","a un período de 5 años plazo, por lo que sería similar o comparable con el bono análogo. Añade, que, de hecho, se ha pensado que la compensación inflacionaria se estaría normalizando después de un período en el que estuvo inusualmente baja,","planteamiento al cual el Vicepresidente señor Jorge Desormeaux complementa, señalando que cuando el mercado financiero se empieza a tranquilizar, los inversionistas tienden a abandonar los activos seguros en busca de activos más riesgosos y"
"RPM-2009-06-16:2567:4","2567","2009-06-16","Jorge Desormeaux Jiménez","Sergio Lehmann Beresi","SIN_FICHA_BILATERAL","","FINAL_SIN_PUNTUACION","","Consulta el Vicepresidente señor Jorge Desormeaux si acaso se proyecta un precio promedio del petróleo de 60 o de alrededor de 70 dólares el barril para este año,","a lo cual el señor Lehmann responde que para el año 2009, el precio promedio se mantendría en 60 dólares el barril, pero que desde esta fecha y hasta fines del 2010 debería mantenerse en torno a 70 dólares el barril. A continuación,."
"RPM-2009-06-16:2576:1","2576","2009-06-16","Manuel Marfán Lewis","José De Gregorio Rebeco","LIMITE_REVISADO_SIN_CIERRE","COMA-20260908-L1-2576-1","FINAL_SIN_PUNTUACION","Fuera del límite revisado, el aporte de Cowan dice Gerente de División Política Monetaria. Cargo textual no certificado; conservar y cotejar, sin crear alias de cargo.","El Consejero señor Manuel Marfán consulta si lo expuesto podría interpretarse en términos que la política monetaria pudiera ser también menos expansiva de lo que refleja la tasa de interés,","en tanto el Presidente señor José De Gregorio pregunta acerca de si el MI crece menos que lo que estimaría la demanda."
"RPM-2009-06-16:2580:1","2580","2009-06-16","José De Gregorio Rebeco","Claudio Soto Gamboa","LIMITE_REVISADO_SIN_CIERRE","COMA-20260908-L1-2580-1","FINAL_SIN_PUNTUACION","","El Presidente señor José De Gregorio consulta acerca de las razones que avalarían que las existencias todavía se encuentren elevadas ,","a lo cual el señor Claudio Soto responde que el 60% de los encuestados responde que las existencias están por sobre lo deseado. Añade, que dícha información es distinta de aquélla que dice relación con la venta e importaciones de automóvile"
"RPM-2009-06-16:2583:1","2583","2009-06-16","José De Gregorio Rebeco","Claudio Soto Gamboa","LIMITE_REVISADO_SIN_CIERRE","COMA-20260908-L1-2583-1","FINAL_SIN_PUNTUACION","","El Presidente señor José De Gregorio consulta por la magnitud de la corrección trimestre a trimestre,","a lo cual el señor Soto responde que es de -4 puntos"
"RPM-2009-06-16:2583:4","2583","2009-06-16","José De Gregorio Rebeco","Kevin Cowan Logan","LIMITE_REVISADO_SIN_CIERRE","COMA-20260908-L1-2583-4","FINAL_SIN_PUNTUACION","","El Presidente señor José De Gregorio reitera su consultar en cuanto solicita la cifra absoluta,","a lo cual el señor Kevin Cowan responde que es de 0,2%, según el IPoM."
"RPM-2009-06-16:2588:1","2588","2009-06-16","Sebastián Claro Edwards","Claudio Soto Gamboa","SIN_FICHA_BILATERAL","","FINAL_SIN_PUNTUACION","","El Consejero señor Sebastián Claro consulta acerca del porcentaje del alza de los combustibles que se explicará por el impuesto específico que se está postergando,","a lo que el Gerente de Análisis Macroeconómico responde que debería subir 2,5%, esto es, una UTM o experimentar aumentos del orden de 50 pesos, luego de lo cual existirían otros del orden de 50 ó 70 pesos, aproximadamente, que se traducen e"
"RPM-2009-06-16:2591:4","2591","2009-06-16","Manuel Marfán Lewis","Kevin Cowan Logan","SIN_FICHA_BILATERAL","","FINAL_SIN_PUNTUACION","","El Consejero Manuel Marfán consulta si se ha realizado una discusión parecida en cuanto a la tasa mínima de política en otros países,","a lo cual el señor Kevin Cowan responde que ello se ha efectuado en Canadá, país que tuvo exactamente los mismos problemas que Chile respecto de los intermediarios del mercado, los que dependían esencialmente del resultado de la estructura "
"RPM-2009-07-09:2608:4","2608","2009-07-09","Andrés Velasco Brañes","Jorge Desormeaux Jiménez","SIN_FICHA_BILATERAL","","FINAL_SIN_PUNTUACION","","El señor Velasco acota que para que eso sea posible, el crecimiento debe ser de dos dígitos, por lo menos,","a lo cual el señor Vicepresidente añade que, de acuerdo a algunos bancos de inversión, China ya estarla creciendo a más de 10% a tasa secuencial en el segundo trimestre,"
"RPM-2009-07-09:2608:5","2608","2009-07-09","Jorge Desormeaux Jiménez","Sergio Lehmann Beresi","SIN_FICHA_BILATERAL","","FINAL_SIN_PUNTUACION","","a lo cual el señor Vicepresidente añade que, de acuerdo a algunos bancos de inversión, China ya estarla creciendo a más de 10% a tasa secuencial en el segundo trimestre,","y el señor Lehmann agrega que China es la economía que está liderando las proyecciones hacia el alza e impulsando particularmente el crecimiento en Asia, y que ello es coherente con lo que están proyectando también el Fondo Monetario Intern"
"RPM-2009-07-09:2609:1","2609","2009-07-09","José De Gregorio Rebeco","Sergio Lehmann Beresi","LIMITE_REVISADO_SIN_CIERRE","COMA-20260908-L1-2609-1","FINAL_SIN_PUNTUACION","","El Presidente consulta si la tasa efectiva es mayor que la estimada,","a lo cual el señor Lehmann responde que dicha tasa ha estado algo por debajo de la tasa que entregaron los modelos. Añade, que si se incorporara, particularmente, lo que es el balance del FED, esto es. SI se midiera en algún grado lo que es"
"RPM-2009-07-09:2613:2","2613","2009-07-09","Pablo García Silva","Manuel Marfán Lewis","SIN_FICHA_BILATERAL","","FINAL_SIN_PUNTUACION","","s, y que sólo luego de un par de trimestres se podría constatar si ello es sostenible o no por el lado de la demanda más perdurable. En su opinión, si se aprecia que el aumento no ha retomado mucho dinamismo, se puede dar un segundo rebote,","a lo cual el Consejero señor Marfán sostiene que el efecto de inventarios sería, en tal caso, un greenshoot."
"RPM-2009-07-09:2615:1","2615","2009-07-09","Claudio Soto Gamboa","Andrés Velasco Brañes","LIMITE_REVISADO_SIN_CIERRE","COMA-20260908-L1-2615-1","FINAL_SIN_PUNTUACION","","pregunta del Consejero señor Sebastián Claro acerca de si el nivel final es el mismo, el señor Soto contesta que es más bajo, influenciado básicamente por lo acontecido en el mes de abril más que por lo que ocurrió en el mes de mayo pasado,","a lo cual el señor Ministro de Hacienda agrega que lo positivo, entre comillas, no es que haya mejorado mayo, sino que bajó la tasa."
"RPM-2009-07-09:2619:3","2619","2009-07-09","Igal Magendzo Weinberger","Pablo García Silva","LIMITE_REVISADO_SIN_CIERRE","COMA-20260908-L1-2619-3","FINAL_SIN_PUNTUACION","","l asesor del Ministro de Hacienda, señor Igal Magendzo, indica que para crecer -0.75% en el año habría que hacerlo al 6% en doce meses en el cuarto trimestre, y consulta si se tiene alguna indicación acerca de la velocidad que ello implica,","a lo cual el Gerente de División Estudios responde que se necesita un crecimiento anualizado de entre 10 y 15% secuencial en el tercer y cuarto trimestres. Precisa, que con los datos de los IMACEC implícitos en el segundo trimestre, se calc"
"RPM-2009-07-09:2620:3","2620","2009-07-09","Manuel Marfán Lewis","Pablo García Silva","SIN_FICHA_BILATERAL","","FINAL_SIN_PUNTUACION","","evó considerablemente y que, incluso, este muchas veces ha quedado obsoleto antes de un mes. En su opinión, ahora se debería abandonar el escenario de crecimiento del IPoM, y consulta si el staff Wer\e alguna percepción en el mismo sentido,","a lo cual el señor Pablo García señala que, a su juicio, es lo que correspondería hacer y precisa que la pregunta relevante es si ello se quiere transmitir o no."
"RPM-2009-07-09:2621:1","2621","2009-07-09","José De Gregorio Rebeco","Pablo García Silva","LIMITE_REVISADO_SIN_CIERRE","COMA-20260908-L1-2621-1","FINAL_SIN_PUNTUACION","","El Presidente consulta asimismo, acerca de la cifra de la Encuesta de Expectativas para el presente trimestre,","a lo cual el señor Pablo García responde que asciende a -3,5%,"
"RPM-2009-07-09:2621:2","2621","2009-07-09","Pablo García Silva","Claudio Soto Gamboa","LIMITE_REVISADO_SIN_CIERRE","COMA-20260908-L1-2621-2","FINAL_SIN_PUNTUACION","","a lo cual el señor Pablo García responde que asciende a -3,5%,","y el señor Claudio Soto agrega que esta se corrigió de -1 a -5% para el año."
"RPM-2009-07-09:2622:3","2622","2009-07-09","Claudio Soto Gamboa","José De Gregorio Rebeco","LIMITE_REVISADO_SIN_CIERRE","COMA-20260908-L1-2622-3","FINAL_SIN_PUNTUACION","","El señor Claud io Soto precisa que se trata de 7,3%,","a lo cual el Presidente señala que es más fuerte aún y que le llama la atención que ese -4,8% sea menor que el -2,1% contemplado en el Informe del primer trimestre ."
"RPM-2009-07-09:2624:2","2624","2009-07-09","Claudio Soto Gamboa","José De Gregorio Rebeco","SIN_FICHA_BILATERAL","","FINAL_SIN_PUNTUACION","","es subyacentes, como el IPCX1, tuvieron variaciones negativas en el mes, de -0,2%. A una consulta formulada por el Ministro de Hacienda, el señor Claudio Soto responde que el IPC en doce meses alcanzó a estar solo un mes dentro de la banda,","a lo cual el Presidente señor José De Gregorio agregó que el Banco considera que el promedio sea de 3%, por lo que habría que compensar un 9,9%."
"RPM-2009-07-09:2626:1","2626","2009-07-09","José De Gregorio Rebeco","Kevin Cowan Logan","LIMITE_REVISADO_SIN_CIERRE","COMA-20260908-L1-2626-1","FINAL_SIN_PUNTUACION","","s tasas de interés de los créditos de consumo, que se redujeron a todos los plazos, especialmente, las de a más de tres años que disminuyeron entre 90 y 120pb. Añade, que las tasas de interés de las colocaciones comerciales cayeron bajo 6%,","a lo cual el Gerente de División Política Financiera especifica que esa reducción se refiere a esos antecedentes respecto de la última Reunión."
"RPM-2009-07-09:2627:2","2627","2009-07-09","José De Gregorio Rebeco","Kevin Cowan Logan","SIN_FICHA_BILATERAL","","FINAL_SIN_PUNTUACION","","as del BCP-5, y sería deseable sujetarlas a la trayectoria de esa tasa lo que estima de relevancia obtener. Asimismo, consulta acerca de la fecha en que se difundirá la Encuesta de Crédito, por proporcionar información muy útil al respecto,","a lo cual el señor Kevin Cowan indica que la encuesta se efectuó la última semana de junio, por lo que se dispondrá de ella dentro de dos semanas."
"RPM-2009-07-09:2628:3","2628","2009-07-09","Andrés Velasco Brañes","Pablo García Silva","LIMITE_REVISADO_SIN_CIERRE","COMA-20260908-L1-2628-3","FINAL_SIN_PUNTUACION","","El Ministro de Hacienda consulta acerca de cómo se define una anomalía,","a lo cual el Gerente de División Estudios responde que se trata de un residuo positivo que se infiere de la trayectoria implícita para la Tasa de Política Monetaria en adelante en la curva forward y por las medidas de riesgo que vienen dada"
"RPM-2009-07-09:2635:1","2635","2009-07-09","José De Gregorio Rebeco","Claudio Soto Gamboa","LIMITE_REVISADO_SIN_CIERRE","COMA-20260908-L1-2635-1","FINAL_SIN_PUNTUACION","","El Presidente señor José De Gregorio afirma que los porcentajes mencionados corresponden al promedio, por lo que estima que la mediana es más baja,","a lo cual el señor Claudio Soto confirma lo expuesto en cuanto a que se trata de los promedios. En general, acota, que las expectativas de inflación de esta fecha a un año son bajas y que en la Encuesta de Expectativas a dos años se sitúa e"
"RPM-2009-07-09:2635:3","2635","2009-07-09","José De Gregorio Rebeco","Pablo García Silva","LIMITE_REVISADO_SIN_CIERRE","COMA-20260908-L1-2635-3","FINAL_SIN_PUNTUACION","","El Presidente señor José De Gregorio plantea que con los nuevos benchmarks la curva ha sido mucho más elevada que la forward que se deriva como modelo,","a lo cual el Gerente de División Estudios indica que ello es efectivo, pero que la dirección del diagnóstico es la misma, esto es, que si se hubiera aplanado la curva forward, se habría generado un problema."
"RPM-2009-07-09:2637:4","2637","2009-07-09","Jorge Desormeaux Jiménez","Pablo García Silva","LIMITE_REVISADO_SIN_CIERRE","COMA-20260908-L1-2637-4","FINAL_SIN_PUNTUACION","","En primer término, el Vicepresidente, señor Jorge Desormeaux, consulta acerca de las razones por las cuales la Encuesta de Expectativas arroja una diferencia de 100 pb con respecto de la forward al final de la proyección,","a lo cual el Gerente de División Estudios, señor Pablo García, responde que se trata de una razón relacionada con la curva forward, ya que en razón del bajo nivel de la Tasa de Política Monetaria, se genera la incertidumbre respecto de que "
"RPM-2009-07-09:2644:1","2644","2009-07-09","José De Gregorio Rebeco","Luis Felipe Céspedes Cifuentes","SIN_FICHA_BILATERAL","","FINAL_SIN_PUNTUACION","","El Presidente concede la palabra al Gerente de Investigación Económica, señor Luis Felipe Céspedes,","quien comienza su exposición señalando que así como fue discutido en la sesión de la mañana y tal como lo indica la Minuta de Opciones, es necesario imprimir un impulso monetario adicional al ya contemplado en el escenario central del IPoM "
"RPM-2009-08-13:2661:1","2661","2009-08-13","Andrés Velasco Brañes","Sergio Lehmann Beresi","SIN_FICHA_BILATERAL","","FINAL_SIN_PUNTUACION","","El Ministro de Hacienda pregunta si la ponderación entre países latinoamericanos también es a PPP,","a lo cual el señor Lehmann responde que para efectos de las agrupaciones también lo es a PPP. En el caso del año 2010, añade que las revisiones son bien marginales y bastante homogéneas en el grupo de países presentados"
"RPM-2009-08-13:2661:5","2661","2009-08-13","Jorge Desormeaux Jiménez","Sergio Lehmann Beresi","SIN_FICHA_BILATERAL","","FINAL_SIN_PUNTUACION","","El señor Desormeaux acota que hay que tomar debida nota de que en las últimas dos o tres semanas ha habido un cambio de sentimiento significativo, que no está considerado en el Informe del FMI,","acotación que es confirmada por el señor Lehmann."
"RPM-2009-08-13:2661:8","2661","2009-08-13","Andrés Velasco Brañes","José De Gregorio Rebeco","SIN_FICHA_BILATERAL","","FINAL_SIN_PUNTUACION","","El Ministro señor Velasco pregunta qué relación tienen los flujos del mercado laboral con la productividad,","a lo cual el Presidente señor De Gregorio responde que, dado que la PTF es un residuo, el flujo de inmigración tiene que ver con la composición de la fuerza de trabajo, con el capital humano. Explica que si los inmigrantes tienen habilidade"
"RPM-2009-08-13:2661:10","2661","2009-08-13","Andrés Velasco Brañes","Sergio Lehmann Beresi","SIN_FICHA_BILATERAL","","FINAL_SIN_PUNTUACION","","El efecto debiera ser menor y al revés, acota el Ministro,","y el señor Lehmann complementa que será necesario afinar el análisis."
"RPM-2009-08-13:2664:2","2664","2009-08-13","Pablo García Silva","Sergio Lehmann Beresi","LIMITE_REVISADO_SIN_CIERRE","COMA-20260908-L1-2664-2","FINAL_SIN_PUNTUACION","","El Gerente de División de Estudios responde que ello obedece a que hay un cambio de la frecuencia del eje del gráfico, que primero va mes a mes y luego año a año,","a lo cual el señor Lehmann acota que es un tema visual."
"RPM-2009-08-13:2666:2","2666","2009-08-13","Andrés Velasco Brañes","Sergio Lehmann Beresi","SIN_FICHA_BILATERAL","","FINAL_SIN_PUNTUACION","","El Ministro consulta si esos rendimientos son de bonos del gobierno o si hay algún riesgo de premio privado,","a lo cual el señor Lehmann responde que existen tasas de nesgo a distintos periodos En todo caso, el Gerente señor Lehmann hace presente que lo que se está observando es que las pendientes de las curvas han estado subiendo y que el aumento "
"RPM-2009-08-13:2667:1","2667","2009-08-13","Andrés Velasco Brañes","Sergio Lehmann Beresi","LIMITE_REVISADO_SIN_CIERRE","COMA-20260908-L1-2667-1","FINAL_SIN_PUNTUACION","El intervalo derecho conserva FINAL_SIN_PUNTUACION y TEXTO_DANADO_POR_COTEJAR; y el Gerente de sigue sin resolver. No certificar exclusividad de todo ese intervalo.","El señor Ministro de Hacienda consulta si estas empresas son las usuarias de cobre en Chile o fuera de Chile,","a lo cual el Gerente de Análisis Internacional responde que cada uno de los países se pondera por el consumo de cobre correspondiente, y el Gerente de"
"RPM-2009-08-13:2670:1","2670","2009-08-13","José De Gregorio Rebeco","Pablo García Silva","LIMITE_REVISADO_SIN_CIERRE","COMA-20260908-L1-2670-1","FINAL_SIN_PUNTUACION","","El Presidente De Gregorio pregunta en cuánto cerrará el cuarto trimestre,","a lo cual el Gerente de División de Estudios responde que si se hace un ejercicio muy simple, que es mantener la velocidad registrada en junio para todos los meses del segundo semestre, que fue de 0,7%, la variación anual sería cercana a -1"
"RPM-2009-08-13:2671:2","2671","2009-08-13","Pablo García Silva","Claudio Soto Gamboa","LIMITE_REVISADO_SIN_CIERRE","COMA-20260908-L1-2671-2","FINAL_SIN_PUNTUACION","","nda sobre mayores antecedentes de este último, el Gerente de División de Estudios indica que la dinámica del año 1999 fue similar, cuando se produjo un aumento en el empleo por cuenta propia al mismo tiempo que el asalariado estaba cayendo,","a lo cual el señor Claudio Soto agrega que en 1998 se registró un alto nivel de servicios comunales, el que se repite ahora, conforme lo indica el último dato disponible."
"RPM-2009-08-13:2673:1","2673","2009-08-13","Enrique Marshall Rivera","Claudio Soto Gamboa","LIMITE_REVISADO_SIN_CIERRE","COMA-20260908-L1-2673-1","FINAL_SIN_PUNTUACION","","El Consejero señor Enrique Marshall pregunta si los trabajadores por cuenta propia son vendedores ambulantes o si pertenecen a otros sectores,","a lo cual el señor Claudio Soto responde que los datos indican que un porcentaje importante corresponde al sector comercio, que lógicamente puede incluir a los vendedores ambulantes, pero que también pertenecen al sector agrícola e, incluso"
"RPM-2009-09-08:2692:1","2692","2009-09-08","José De Gregorio Rebeco","Sergio Lehmann Beresi","LIMITE_REVISADO_SIN_CIERRE","COMA-20260908-L1-2692-1","FINAL_SIN_PUNTUACION","","El Presidente De Gregorio consulta por el nivel normal de los inventarios en el mercado del cobre,","respondiendo el señor Lehmann que estos han bordeado las 200 mil toneladas métricas, lo que es históricamente bajo en relación con lo observado en la primera mitad de esta década y en los 90, cuando eran cercanos a 600 mil toneladas métrica"
"RPM-2009-09-08:2696:2","2696","2009-09-08","Jorge Desormeaux Jiménez","Claudio Soto Gamboa","SIN_FICHA_BILATERAL","","FINAL_SIN_PUNTUACION","","Al respecto, el señor Vicepresidente hace presente que la huelga de Aduanas pudo haber afectado esos datos,","a lo cual el señor Soto aclara que, en materia de importaciones, siempre hay bastante volatilidad, debiendo subrayarse que los últimos datos son claramente mejores que los observados a comienzos de año. En materia de percepción de los empre"
"RPM-2009-09-08:2696:4","2696","2009-09-08","José De Gregorio Rebeco","Claudio Soto Gamboa","SIN_FICHA_BILATERAL","","FINAL_SIN_PUNTUACION","","Respecto de la velocidad, el señor Presidente señala entender que se han tenido variaciones trimestrales negativas durante cuatro trimestres seguidos, es decir, a partir del segundo del 2008,","a lo cual el señor Claudio Soto menciona que el -1,6% corresponde a una variación positiva del orden de 6%. Por el lado de la demanda, el señor Gerente de Análisis Macroeconómico informa que hay una acumulación de existencias que se va corr"
"RPM-2009-09-08:2696:5","2696","2009-09-08","Claudio Soto Gamboa","Manuel Marfán Lewis","SIN_FICHA_BILATERAL","","FINAL_SIN_PUNTUACION","","existencias que se va corrigiendo de aquí hacia fines del horizonte. Recalca que en el presente trimestre se produce una desacumulación de existencias respecto del PIB más intensa, estimándose que esta sería menos aguda de aquí en adelante,","El Consejero señor Manuel Marfán consulta qué ocurre con la demanda interna sin la variación de existencias."
"RPM-2009-09-08:2697:1","2697","2009-09-08","Claudio Soto Gamboa","Sebastián Claro Edwards","SIN_FICHA_BILATERAL","","FINAL_SIN_PUNTUACION","","ue son los sectores resto. De esta manera, las variaciones anuales de los salarios reales siguen creciendo y, medidos de acuerdo con los patrones de producción pasada, están en niveles comparables con los observados entre el 2004 y el 2007,","Al respecto, el Consejero señor Sebastián Claro comenta que la evolución de los salarios reales se relaciona claramente con la caída muy fuerte de la inflación y con los procesos de indexación de los salarios nominales, los que han seguido "
"RPM-2009-09-08:2699:2","2699","2009-09-08","Manuel Marfán Lewis","Andrés Velasco Brañes","SIN_FICHA_BILATERAL","","FINAL_SIN_PUNTUACION","","El Consejero señor Marfán señala que, de todas maneras, los salarios tienden a converger a la evolución de la productividad en el largo plazo,","a lo que el señor Ministro agrega que el problema es si el largo plazo son doce meses o doce años, ya que el salario real quedó sorprendentemente alto y la tasa de desempleo quedó sorprendentemente alta también por un periodo muy largo, por"
"RPM-2009-09-08:2704:2","2704","2009-09-08","José De Gregorio Rebeco","Beltrán de Ramón Acevedo","LIMITE_REVISADO_SIN_CIERRE","COMA-20260908-L1-2704-2","FINAL_SIN_PUNTUACION","","Es decir, no es problema de demanda, consulta el señor Presidente,","a lo cual el señor de Ramón manifiesta que no se puede concluir, necesariamente, que spreads más bajos y colocaciones estancadas sea un problema de demanda. Podría ser que subsistan los problemas de oferta de los bancos, que solamente han a"
"RPM-2009-09-08:2704:4","2704","2009-09-08","Enrique Marshall Rivera","Claudio Soto Gamboa","LIMITE_REVISADO_SIN_CIERRE","COMA-20260908-L1-2704-4","FINAL_SIN_PUNTUACION","","El Consejero señor Marshall aclara que la Superintendencia de Bancos entregó una cifra hace un par de semanas que mostraba un cierta estabilización en el margen,","lo cual es confirmado por el señor Claudio Soto."
"RPM-2009-09-08:2705:3","2705","2009-09-08","Claudio Soto Gamboa","José De Gregorio Rebeco","SIN_FICHA_BILATERAL","","FINAL_SIN_PUNTUACION","","gregados más líquidos. Respecto de las expectativas de mercado, la encuesta será dada a conocer al día siguiente. Respecto de las expectativas de inflación, el señor Soto indica que se observa un significativo aumento en las compensaciones,","lo cual, a juicio del señor Presidente, es muy curioso de analizar, ya que se venía de un periodo anterior al año 2007, en el que todas las compensaciones se movían en torno a 3%, y hoy día la volatilidad ha persistido por dos años, lo que "
"RPM-2009-10-13:2723:1","2723","2009-10-13","Jorge Desormeaux Jiménez","Sergio Lehmann Beresi","LIMITE_REVISADO_SIN_CIERRE","COMA-20260908-L1-2723-1","FINAL_SIN_PUNTUACION","La respuesta de Lehmann mantiene DUPLICADO_NO_FORMULA. No se cierra por esta revisión.","omenta que el trasfondo de ello es que la salida de la crisis no será tan coordinada, por lo que van a producirse cierres de holguras más rápidos en el mundo emergente, a diferencia de las economías desarrolladas en que se centró la crisis,","lo cual es confirmado por el señor Lehmann."
"RPM-2009-10-13:2726:1","2726","2009-10-13","Manuel Marfán Lewis","Sergio Lehmann Beresi","LIMITE_REVISADO_SIN_CIERRE","COMA-20260908-L1-2726-1","FINAL_SIN_PUNTUACION","","El Consejero señor Manuel Marfán consulta si los spreads que reflejaban interés por liquidez siguen desalineados,","a lo cual el señor Lehmann responde que los spreads Libor OIS a un mes están bastante estables, muy similares a los niveles previos a la crisis. En cambio, los spreads a seis meses exhiben discrepancias. El spread histórico entre la tasa de"
"RPM-2009-10-13:2738:1","2738","2009-10-13","Claudio Soto Gamboa","José De Gregorio Rebeco","SIN_FICHA_BILATERAL","","FINAL_SIN_PUNTUACION",""," su precio debería registrar un aumento importante. Por otra parte, respecto de los bienes perecibles, el señor Claudio Soto informa que tendría lugar la estacionalidad acostumbrada en materia de reducciones de precios de aquí a fin de año,","comentando el Presidente, señor José De Gregorio, que en septiembre se presentó un shock usual, de 11,3%."
"RPM-2009-10-13:2740:3","2740","2009-10-13","Claudio Soto Gamboa","Andrés Velasco Brañes","SIN_FICHA_BILATERAL","","FINAL_SIN_PUNTUACION","","El señor Soto responde que hay antecedentes de salidas al exterior de las AFP para invertir, las que se están produciendo desde hace algunas semanas y que podrían coadyuvar a explicar lo que está sucediendo,","acotando el señor Velasco que, entonces, correspondería estimar que luego que las AFP liquidaran sus inversiones en el exterior, se ha producido un progresivo retorno a esta clase de inversiones, pero muy por debajo de los límites máximos d"
"RPM-2009-10-13:2743:1","2743","2009-10-13","Jorge Desormeaux Jiménez","Andrés Velasco Brañes","LIMITE_REVISADO_SIN_CIERRE","COMA-20260908-L1-2743-1","FINAL_SIN_PUNTUACION","","El señor Jorge Desormeaux comenta que el señor Pablo García mencionaba la semana anterior que, al final, la responsable de este fenómeno es la propia política monetaria,","a lo cual el señor Ministro acota que, al final, el arbitraje cuenta."
"RPM-2009-11-12:2765:4","2765","2009-11-12","José De Gregorio Rebeco","Jorge Desormeaux Jiménez","SIN_FICHA_BILATERAL","","FINAL_SIN_PUNTUACION","","Respecto del comentario del señor Claro, el señor Presidente afirma que el aumento de la tasa de ahorro es un síntoma de desapalancamiento,","y el señor Vicepresidente complementa que la caída de riqueza que permanece es la de la vivienda, porque el mercado accionario ha recuperado alguna parte de lo perdido."
"RPM-2009-11-12:2771:1","2771","2009-11-12","José De Gregorio Rebeco","Jorge Desormeaux Jiménez","LIMITE_REVISADO_SIN_CIERRE","COMA-20260908-L1-2771-1","FINAL_SIN_PUNTUACION","","El señor Presidente comenta que el sector industria está peor o igual y que construcción está peor,","a lo cual el señor Vicepresidente añade que construcción está basada en el catastro de septiembre, y este, a su vez, en la encuesta y en la información de agosto, por lo que no sería raro que tal vez la próxima lectura del catastro haga una"
"RPM-2009-11-12:2785:1","2785","2009-11-12","Sebastián Claro Edwards","Claudio Soto Gamboa","LIMITE_REVISADO_SIN_CIERRE","COMA-20260908-L1-2785-1","FINAL_SIN_PUNTUACION",""," de depreciación deberán ir acompañadas de tasas en UF mayores Luego, se pasa de una situación con expectativas reales de depreciación cercanas a cero, por poner algún benchmark, a una con expectativas de depreciación reales algo positivas,","a lo cual, el señor Claudio Soto responde que no es claro que existan expectativas de depreciación real. El Gerente de Análisis Macroeconómico retoma su presentación, refiriéndose a las colocaciones. Al respecto, indica que la curva de las "
"RPM-2009-12-15:2803:1","2803","2009-12-15","Consejo del Banco Central de Chile","José De Gregorio Rebeco","SIN_FICHA_BILATERAL","","FINAL_SIN_PUNTUACION","","trategia y Comunicación de Política Monetaria, don Enrique Orellana Cifuentes; Asesor del Ministerio de Hacienda, don Igal Magendzo Weinberger; Economista Señor, doña Erika Arraño González; y la Secretario General, doña Marlys Pabst Cortés,","El Presidente, señor José De Gregorio, junto con dar inicio a la Reunión de Política Monetaria N° 147, señala que, de conformidad con el Reglamento que rige estas Sesiones, fija la Reunión de Política Monetaria correspondiente al mes de jun"
"RPM-2009-12-15:2805:2","2805","2009-12-15","Manuel Marfán Lewis","Sergio Lehmann Beresi","SIN_FICHA_BILATERAL","","FINAL_SIN_PUNTUACION","","El Consejero señor Manuel Marfán consulta cuál es la diferencia entre la tasa de política monetaria (TPM) objetivo y la tasa efectiva,","a lo cual el señor Sergio Lehmann explica que esta última corresponde a la tasa overnight interbancaria. Agrega que ella ha estado en un nivel intermedio del rango definido para la tasa objetivo de la Reserva Federal (FED), aclarando que es"
"RPM-2009-12-15:2805:4","2805","2009-12-15","Manuel Marfán Lewis","Pablo García Silva","SIN_FICHA_BILATERAL","","FINAL_SIN_PUNTUACION","","El señor Marfán manifiesta que no tiene sentido que el Banco Central Europeo (BCE) establezca que su tasa de interés es de 1% y que la baje cuando resulta redundante,","a lo cual el Gerente de División Estudios, señor Pablo García, menciona que el BCE ha mantenido esta disociación entre tener una tasa objetivo de 1% y validar tasas de mercado bastante más bajas que eso."
"RPM-2009-12-15:2807:1","2807","2009-12-15","Enrique Marshall Rivera","Beltrán de Ramón Acevedo","SIN_FICHA_BILATERAL","","FINAL_SIN_PUNTUACION","","El Consejero señor Enrique Marshall comenta que lo mismo le ocurre al Banco Central de Chile, ya que la tasa está en 0,5%, pero en 0,35% efectivamente,","a lo cual el señor de Ramón añade que ello se debe a que el Banco también ha sido expansivo."
"RPM-2009-12-15:2808:1","2808","2009-12-15","Manuel Marfán Lewis","Beltrán de Ramón Acevedo","SIN_FICHA_BILATERAL","","FINAL_SIN_PUNTUACION","","El Consejero señor Manuel Marfán solicita que le confirmen si Grecia y Portugal tenían spread CDS igual a cero hasta fines del año 2008,","a lo cual el señor Beltrán de Ramón responde que era cercano a 10 puntos base sobre el bono alemán, que es el benchmark."
"RPM-2009-12-15:2810:1","2810","2009-12-15","Enrique Marshall Rivera","Sergio Lehmann Beresi","SIN_FICHA_BILATERAL","","FINAL_SIN_PUNTUACION","","El Consejero señor Enrique Marshall comenta que no le parece tan claro que el alza de los alimentos se haya incorporado al índice GSCI granos y cereales,","a lo cual el señor Lehmann muestra que, en términos de tendencias, sí se aprecia un aumento en los precios de los alimentos, y que en el último mes la calda en el precio del maíz tendió a compensarse con el aumento en el precio del arroz, y"
"RPM-2010-01-14:2852:1","2852","2010-01-14","Rodrigo Vergara Montes","Sergio Lehmann Beresi","SIN_FICHA_BILATERAL","","FINAL_SIN_PUNTUACION","","El Consejero señor Rodrigo Vergara consulta por qué los commodities agrícolas se han quedado atrás en este recuento,","a lo cual el señor Sergio Lehmann responde que el componente financiero de los bienes agrícolas es mucho menos importante desde el punto de vista de las transacciones en el mercado financiero, añadiendo que, en todo caso, todavía está por v"
"RPM-2010-01-14:2863:1","2863","2010-01-14","Manuel Marfán Lewis","Claudio Soto Gamboa","SIN_FICHA_BILATERAL","","FINAL_SIN_PUNTUACION","","El señor Vicepresidente consulta si esa reconstrucción permitió ver si se le habían quitado puntos al IPC,","respondiendo el señor Soto que no, porque fue un suavizamiento."
"RPM-2010-01-14:2885:1","2885","2010-01-14","José De Gregorio Rebeco","Manuel Marfán Lewis","SIN_FICHA_BILATERAL","","FINAL_SIN_PUNTUACION","","El señor Presidente concede la palabra al Vicepresidente, señor Manuel Marfán,","quien agradece el análisis del staff y declara hacer suyo el listado de antecedentes del punto 2 de la Minuta de Opciones, a la que añade los siguientes comentarios."
"RPM-2010-02-11:2896:1","2896","2010-02-11","Rodrigo Vergara Montes","Sergio Lehmann Beresi","SIN_FICHA_BILATERAL","","FINAL_SIN_PUNTUACION","","El Consejero señor Rodrigo Vergara consulta si el ser más pesimista en esta materia es un patrón seguido por el Banco,","a lo cual el señor Lehmann responde que no lo es,"
"RPM-2010-02-11:2896:2","2896","2010-02-11","Sergio Lehmann Beresi","Pablo García Silva","SIN_FICHA_BILATERAL","","FINAL_SIN_PUNTUACION","","a lo cual el señor Lehmann responde que no lo es,","en tanto que el señor Pablo García señala que la estimación se vincula con el diagnóstico de precios a largo plazo que se ha mantenido después de haberse incrementado en torno a US$2 la libra en términos reales. Añade que la percepción es q"
"RPM-2010-02-11:2897:1","2897","2010-02-11","Sebastián Claro Edwards","Sergio Lehmann Beresi","SIN_FICHA_BILATERAL","","FINAL_SIN_PUNTUACION","","El Consejero señor Sebastián Claro consulta si son semejantes las importaciones de las diversas economías, como también si es efectivo que estas se concentran en Asia,","a lo cual el señor Lehmann responde que en las economías asiáticas se han visto aumentos relevantes de importaciones, no así en algunas economías de Europa y Estados Unidos. Refiriéndose a los mercados hipotecarios, el Gerente de Análisis I"
"RPM-2010-02-11:2910:1","2910","2010-02-11","José De Gregorio Rebeco","Claudio Soto Gamboa","SIN_FICHA_BILATERAL","","FINAL_SIN_PUNTUACION","","El Presidente, señor José De Gregorio, consulta si la regla del balance estructural era de 0,5%,","a lo cual el señor Claudio Soto responde que era de 0%,"
"RPM-2010-02-11:2910:2","2910","2010-02-11","Claudio Soto Gamboa","Pablo García Silva","SIN_FICHA_BILATERAL","","FINAL_SIN_PUNTUACION","","a lo cual el señor Claudio Soto responde que era de 0%,","en tanto que el señor Pablo García agrega que a comienzos del año 2009 el anuncio fue que el objetivo para ese ejercicio fuera cero y que después, en el mes de octubre, al discutirse la Ley de Presupuesto, la proyección que se tenía era de "
"RPM-2010-02-11:2911:1","2911","2010-02-11","Rodrigo Vergara Montes","Claudio Soto Gamboa","SIN_FICHA_BILATERAL","","FINAL_SIN_PUNTUACION","","El Consejero señor Rodrigo Vergara pregunta si este es el primer año en que se presenta una diferencia tan significativa,","respondiendo el señor Soto que es efectivo."
"RPM-2010-02-11:2915:1","2915","2010-02-11","Pablo García Silva","Sebastián Claro Edwards","SIN_FICHA_BILATERAL","","FINAL_SIN_PUNTUACION","","ión doce meses, de todas formas, dada la dinámica habitual de la estacionalidad, podría haber sido incluso más baja y no lo fue, ya que se registró un aumento en la cifra mensual de variación de los salarios en términos desestacionalizados,","El Consejero señor Sebastián Claro recuerda que ese era el dato que en la RPM pasada se estaba esperando para diciembre del año 2009, con el objeto de apreciar si la tasa de desempleo original, no desestacionalizada, caía significativamente"
"RPM-2010-02-11:2916:1","2916","2010-02-11","José De Gregorio Rebeco","Pablo García Silva","SIN_FICHA_BILATERAL","","FINAL_SIN_PUNTUACION","","El señor Presidente consulta si ello significa que los precios, en promedio, eran muy parecidos en diciembre del año 2008 con el promedio de todo el año 2009,","a lo cual el señor Pablo García responde que corresponde al IPC en su conjunto."
"RPM-2010-02-11:2918:1","2918","2010-02-11","José De Gregorio Rebeco","Claudio Soto Gamboa","SIN_FICHA_BILATERAL","","FINAL_SIN_PUNTUACION","","El señor Presidente recuerda que la proyección era de 0,22,","confirmando el señor Soto que ello sí era conocido y que la estimación de la incidencia no se hizo con tanta precisión, por efectos del cambio de base a nivel de clase de productos en lugar de hacerlo por productos."
"RPM-2010-02-11:2922:1","2922","2010-02-11","José De Gregorio Rebeco","Claudio Soto Gamboa","SIN_FICHA_BILATERAL","","FINAL_SIN_PUNTUACION","","El señor José De Gregorio pregunta si el efecto base tampoco está contemplado en esta proyección,","respondiendo el señor Claudio Soto que este sí se consideró en el momento en que se elaboró la minuta que circuló previamente, por cuanto al volver a estimarse este efecto, pasó de 0,22 a 0,4."
"RPM-2010-02-11:2925:1","2925","2010-02-11","José De Gregorio Rebeco","Pablo García Silva","SIN_FICHA_BILATERAL","","FINAL_SIN_PUNTUACION","","El señor Presidente pregunta si el cambio de base aplica solo para este mes,","a lo cual el señor Pablo García señala que, finalmente, en ese producto en particular es donde se produjo la principal diferencia, porque en el resto de los productos el pasar de base diciembre 2008 a promedio 2009, la variación no es relev"
"RPM-2010-02-11:2931:2","2931","2010-02-11","Enrique Marshall Rivera","Pablo García Silva","SIN_FICHA_BILATERAL","","FINAL_SIN_PUNTUACION","","El Consejero señor Marshall consulta si estos cambios metodológicos informados el año pasado ya están resueltos, de manera que no van a producirse sorpresas en esa materia,","afirmando el señor Pablo García que ello es efectivo, considerando adicionalmente que el documento metodológico que el INE publicó para el IPC nacional es prácticamente idéntico al que difundió hace un año atrás para el IPC del Gran Santiag"
"RPM-2010-02-11:2938:1","2938","2010-02-11","Enrique Marshall Rivera","Pablo García Silva","SIN_FICHA_BILATERAL","","FINAL_SIN_PUNTUACION","","El Consejero señor Enrique Marshall consulta si ello genera consecuencias en el precio que está indexado,","señalando el señor García que tendrá efectos en los"
"RPM-2010-02-11:2956:1","2956","2010-02-11","José De Gregorio Rebeco","Kevin Cowan Logan","SIN_FICHA_BILATERAL","","FINAL_SIN_PUNTUACION","","El Presidente, señor José De Gregorio, pregunta si el cambio de la posición de las AFP tendría efectos permanentes,","a lo cual el señor Cowan señala que son transitorios, pero de naturaleza prolongada, agregando que lo que había ocurrido hasta antes del mes de octubre de 2007 es que estos cambios se producían por períodos breves, de uno o dos días, y que "
"RPM-2010-03-18:2981:1","2981","2010-03-18","Enrique Marshall Rivera","Claudio Soto Gamboa","SIN_FICHA_BILATERAL","","FINAL_SIN_PUNTUACION","","El señor Enrique Marshall consulta si la ecuación que se presenta comprende la variación referencial,","a lo cual el señor Claudio Soto responde que el INE entregó una serie de niveles de salarios para todo el 2009, a diferencia de la Gerencia de Análisis Macroeconómico, que ha hecho un empalme muy sencillo por regla de tres a partir de enero"
"RPM-2010-03-18:2981:5","2981","2010-03-18","Enrique Marshall Rivera","José De Gregorio Rebeco","SIN_FICHA_BILATERAL","","FINAL_SIN_PUNTUACION","","El Consejero señor Enrique Marshall consulta a qué corresponden el -1,1% y el - 0,7%,","señalando el señor Presidente que es el cambio en la tasa de crecimiento respecto a un escenario pre terremoto. Agrega que como consecuencia del terremoto, el nivel del PIB podría disminuir 2% en el primer trimestre y 1,4% en el segundo."
"RPM-2010-03-18:2983:1","2983","2010-03-18","Claudio Soto Gamboa","Pablo García Silva","SIN_FICHA_BILATERAL","","FINAL_SIN_PUNTUACION","","El señor Claudio Soto confirma que esos son los dos componentes,","en tanto que el señor Pablo García explica que no es que dichos números se obtengan a partir del diagnóstico de cuánto cayó la oferta versus la demanda, sino que se llega a ellos basados en información de prensa y de la SOFOFA respecto de q"
"RPM-2010-03-18:2997:1","2997","2010-03-18","José De Gregorio Rebeco","Matías Bernier Bórquez","SIN_FICHA_BILATERAL","","FINAL_SIN_PUNTUACION","","El señor Presidente pregunta el plazo de los REPO,","a lo cual el señor Bernier responde que son a 28 días. Añade que el comunicado del Consejo del 30 de octubre del año pasado anunció el último acceso a REPO de 28 días para el día 30 de junio, haciendo ver que como estos accesos se hacen sem"
"RPM-2010-03-18:3001:1","3001","2010-03-18","Sebastián Claro Edwards","Matías Bernier Bórquez","SIN_FICHA_BILATERAL","","FINAL_SIN_PUNTUACION","","El Consejero señor Sebastián Claro consulta si antes habían operaciones REPO,","a lo cual el señor Matías Bernier responde que efectivamente existían operaciones vigentes. Recuerda que dichas operaciones fueron creadas para permitir la esterilización monetaria de las operaciones de compra swap de divisas, creadas en oc"
"RPM-2010-03-18:3006:1","3006","2010-03-18","Manuel Marfán Lewis","Claudio Soto Gamboa","SIN_FICHA_BILATERAL","","FINAL_SIN_PUNTUACION","","El señor Vicepresidente pregunta cuáles son los supuestos que se hacen respecto de la política fiscal para este año,","a lo cual el señor Claudio Soto responde que el escenario con que se ha trabajado, que es a seis meses, no incorpora supuestos al respecto, porque se está suponiendo que cualquier paquete fiscal tendría efectos en el segundo semestre. Añade"
"RPM-2010-03-18:3012:1","3012","2010-03-18","José De Gregorio Rebeco","Beltrán de Ramón Acevedo","SIN_FICHA_BILATERAL","","FINAL_SIN_PUNTUACION","","el señor Presidente ofrece la palabra al Gerente de División Operaciones Financieras, señor Beltrán de Ramón,","quien hace presente que si se revisan las noticias desde la última RPM, lo más importante, además del terremoto, es un escenario internacional relativamente parecido al anterior. Por otro lado, agrega que se tiene como noticia la corrección"
"RPM-2010-04-15:3028:1","3028","2010-04-15","José De Gregorio Rebeco","Sergio Lehmann Beresi","SIN_FICHA_BILATERAL","","FINAL_SIN_PUNTUACION","","El señor Presidente pregunta cuánto va a crecer Estados Unidos este año,","a lo cual el señor Lehmann responde que se espera una cifra que oscila entre 2,5 y 3%."
"RPM-2010-04-15:3028:3","3028","2010-04-15","José De Gregorio Rebeco","Sergio Lehmann Beresi","SIN_FICHA_BILATERAL","","FINAL_SIN_PUNTUACION","","El señor Presidente comenta que, entonces, en menos de un año se habría recuperado lo que se perdió el año pasado,","acotando el señor Lehmann que ello sería efectivo, pero que la componente de consumo probablemente ha tenido una evolución más débil en comparación con otras recuperaciones."
"RPM-2010-04-15:3041:1","3041","2010-04-15","Enrique Marshall Rivera","Pablo García Silva","SIN_FICHA_BILATERAL","","FINAL_SIN_PUNTUACION","","El señor Enrique Marshall comenta que el diario El Mercurio dio cuenta esta mañana de algo distinto, mencionando los PPM del año pasado,","a lo cual el Gerente de División Estudios, señor Pablo García, indica que eso tiene que ver con la cifra de déficit efectivo y superávit efectivo."
"RPM-2010-04-15:3044:1","3044","2010-04-15","Manuel Marfán Lewis","Rodrigo Vergara Montes","SIN_FICHA_BILATERAL","","FINAL_SIN_PUNTUACION","","El Vicepresidente, señor Manuel Marfán, comenta que eso ocurre todos los años, ya que es parte del sistema de recaudación de impuestos,","replicando el señor Vergara que el año pasado hubo una política específica de postergación de pagos, esto es, la baja de los PPM transitoria."
"RPM-2010-04-15:3051:1","3051","2010-04-15","Manuel Marfán Lewis","Claudio Soto Gamboa","SIN_FICHA_BILATERAL","","FINAL_SIN_PUNTUACION","","El Vicepresidente, señor Manuel Marfán, pregunta si el aumento de precios de los alimentos reportados es el resultado de cotizaciones efectuadas por la Gerencia de Análisis Macroeconómico,","lo cual es confirmado por el señor Soto."
"RPM-2010-04-15:3053:1","3053","2010-04-15","Rodrigo Vergara Montes","Claudio Soto Gamboa","SIN_FICHA_BILATERAL","","FINAL_SIN_PUNTUACION","","El Consejero señor Rodrigo Vergara pregunta en cuánto afecta el alza del Transantiago,","a lo cual el señor Soto responde que a los $30 ya considerados hay que agregar un extra de $10 en este horizonte. Añade que después, cuando se hizo la proyección para el año. se había considerado algo más para el segundo semestre."
"RPM-2010-04-15:3054:1","3054","2010-04-15","Enrique Marshall Rivera","Claudio Soto Gamboa","SIN_FICHA_BILATERAL","","FINAL_SIN_PUNTUACION","","El Consejero señor Enrique Marshall consulta si el impacto en el IPC sería de 0.6% en caso que no se devuelva el impuesto de timbres y estampillas,","respondiendo el señor Soto que eso es efectivo y que la variación mensual de 0,9% que se espera en julio obedece precisamente a ello."
"RPM-2010-05-13:3101:1","3101","2010-05-13","Rodrigo Vergara Montes","Claudio Soto Gamboa","SIN_FICHA_BILATERAL","","FINAL_SIN_PUNTUACION","","El Consejero señor Rodrigo Vergara pregunta si el IPC de agosto y septiembre considera el Transantiago y el impuesto al tabaco,","a lo cual el señor Claudio Soto responde que hay elementos estacionales que considerar, por ejemplo, el aumento de los pasajes de buses y una serie de alimentos que suben en esa fecha. Añade que en la parte del X se tienen los impuestos más"
"RPM-2010-05-13:3123:2","3123","2010-05-13","José De Gregorio Rebeco","Manuel Marfán Lewis","SIN_FICHA_BILATERAL","","FINAL_SIN_PUNTUACION","","Al continuar con la votación, el señor Presidente concede la palabra al Vicepresidente, señor Manuel Marfán,","quien agradece, en primer término, el análisis del staff."
"RPM-2010-06-15:3160:1","3160","2010-06-15","Rodrigo Vergara Montes","Pablo García Silva","SIN_FICHA_BILATERAL","","FINAL_SIN_PUNTUACION","","El Consejero señor Rodrigo Vergara comenta que la nueva serie de empleo le parece extraña,","explicando el señor Pablo García que no se cuenta con el nuevo perfil estacional."
"RPM-2010-06-15:3186:1","3186","2010-06-15","Sebastián Claro Edwards","Claudio Soto Gamboa","SIN_FICHA_BILATERAL","","FINAL_SIN_PUNTUACION","","El Consejero señor Sebastián Claro, en tanto, pregunta si esto corresponde a un exceso de demanda de dinero,","lo que es confirmado por el señor Claudio Soto."
"RPM-2010-06-15:3189:1","3189","2010-06-15","Enrique Marshall Rivera","Pablo García Silva","SIN_FICHA_BILATERAL","","FINAL_SIN_PUNTUACION","","mercado monetario, como, por ejemplo, que llegase a ser prácticamente indiferente entre invertir en un fondo mutuo o dejar los recursos depositados en la cuenta corriente. Sobre el particular, consulta qué ocurre si se incorpora el M2 o M3,","a lo cual el señor Pablo García responde que su crecimiento ha sido aún más lento."
"RPM-2010-07-15:3268:1","3268","2010-07-15","Manuel Marfán Lewis","Claudio Soto Gamboa","SIN_FICHA_BILATERAL","","FINAL_SIN_PUNTUACION","","nes Financieras, hay algunas diferencias. En primer término, señala que, de acuerdo con un cálculo simple, la expectativa para la TPM a diciembre que se obtiene de la curva forward debiera ser 3,44 ó 3,5% y no 3,25% como acaba de señalarse,","lo que es confirmado por el señor Claudio Soto."
"RPM-2010-08-12:3288:1","3288","2010-08-12","Rodrigo Vergara Montes","Beltrán de Ramón Acevedo","SIN_FICHA_BILATERAL","","FINAL_SIN_PUNTUACION","","El Consejero señor Rodrigo Vergara señala que, en su opinión, la minuta de la FED explica ese movimiento de manera significativa,","lo cual es compartido por el Gerente de División Operaciones Financieras señor Beltrán de Ramón."
"RPM-2010-08-12:3303:2","3303","2010-08-12","Claudio Soto Gamboa","Ricardo Vicuña Poblete","SIN_FICHA_BILATERAL","","FINAL_SIN_PUNTUACION","","En cuanto al registro de los albañiles, el Gerente de Análisis Macroeconómico señor Claudio Soto informa que se incluyen en el sector construcción,","en tanto que el señor Vicuña complementa, especificando que se incorporan como relaciones menores en dicho sector."
"RPM-2010-08-12:3313:1","3313","2010-08-12","José De Gregorio Rebeco","Pablo García Silva","SIN_FICHA_BILATERAL","","FINAL_SIN_PUNTUACION","","El Presidente señor José De Gregario señala haber tenido la noción de que la fuerza de trabajo había aumentado entre 100.000 Y 150.000 mil personas,","a lo cual el señor García responde que no solo ha aumentado la fuerza de trabajo, porque hay gente que en la antigua encuesta se declaraba inactiva o buscando trabajo, sino que, al mismo tiempo , ha aumentado el empleo. En consecuencia, ind"
"RPM-2010-08-12:3325:1","3325","2010-08-12","Rodrigo Vergara Montes","Ricardo Vicuña Poblete","SIN_FICHA_BILATERAL","","FINAL_SIN_PUNTUACION","","El Consejero señor Rodrigo Vergara repara en que la corrección del crecimiento en doce meses fue muy significativa, desde 1 a 10, aproximadamente, y consulta si acaso este supuesto se va a hacer todas las veces y siempre seis meses después,","a lo cual el señor Vicuña comenta que hay un problema respecto de la ocasión en que se hace la revisión, manifestando que lo ideal sería que se hiciera más oportunamente."
"RPM-2010-09-16:3348:1","3348","2010-09-16","José De Gregorio Rebeco","Beltrán de Ramón Acevedo","SIN_FICHA_BILATERAL","","FINAL_SIN_PUNTUACION","","El Presidente señor José De Gregorio pregunta por la magnitud de la intervención,","a lo cual el Gerente de División Operaciones Financieras señor Beltrán de Ramón responde que las compras alcanzaron a US$ 10 billones el día anterior, en circunstancias que el mercado esperaba el triple."
"RPM-2010-09-16:3351:2","3351","2010-09-16","Sergio Lehmann Beresi","José De Gregorio Rebeco","SIN_FICHA_BILATERAL","","FINAL_SIN_PUNTUACION","","El señor Lehmann acota que, quizás, lo que los japoneses están tratando de alcanzar, en la práctica, no es más que un objetivo inflacionario, sin pretender afectar el tipo de cambio real,","a lo cual el señor Presidente enfatiza que, en ese caso, sería llevado a cabo por el Banco de Japón."
"RPM-2010-09-16:3353:1","3353","2010-09-16","Manuel Marfán Lewis","Pablo García Silva","SIN_FICHA_BILATERAL","","FINAL_SIN_PUNTUACION","","El Vicepresidente señor Manuel Marfán señala que no tiene certeza si el yen se mantuvo más o menos estable en términos reales en los últimos veinte años,","a lo cual el señor Pablo García expresa que no fue así en los últimos diez."
"RPM-2010-09-16:3369:1","3369","2010-09-16","Manuel Marfán Lewis","Rodrigo Vergara Montes","SIN_FICHA_BILATERAL","","FINAL_SIN_PUNTUACION","","El Vicepresidente señor Manuel Marfán repara en que esa prima es arbitraria,","a lo cual el Consejero señor Rodrigo Vergara manifiesta que debería ser parecida a la tasa neutral."
"RPM-2010-09-16:3388:1","3388","2010-09-16","Sebastián Claro Edwards","Claudio Soto Gamboa","SIN_FICHA_BILATERAL","","FINAL_SIN_PUNTUACION","","El Consejero señor Sebastián Claro pregunta por el porcentaje del sector construcción que corresponde a vivienda,","a lo cual el señor Soto responde que una mitad corresponde a vivienda y la otra a obras de ingeniería."
"RPM-2010-09-16:3395:1","3395","2010-09-16","José De Gregorio Rebeco","Claudio Soto Gamboa","SIN_FICHA_BILATERAL","","FINAL_SIN_PUNTUACION","","El Presidente señor José De Gregorio pregunta por la sigla IVCM,","a lo cual el señor Claudio Soto responde que se trata de un índice de ventas de bienes de consumo, nacionales e importados, que construye el INE."
"RPM-2010-09-16:3421:1","3421","2010-09-16","Enrique Marshall Rivera","Luis Opazo Roco","SIN_FICHA_BILATERAL","","FINAL_SIN_PUNTUACION","","El Consejero señor Enrique Marshall consulta por la contribución de las AFP a ese aumento,","a lo cual el Gerente de Estabilidad Financiera señor Luis Opazo responde que su aporte no es significativo, del orden de 80 millones de dólares mensuales, debido a que las inversiones de los fondos de pensiones están topadas en renta variab"
"RPM-2010-10-14:3439:1","3439","2010-10-14","Beltrán de Ramón Acevedo","Felipe Jaque","SIN_FICHA_BILATERAL","","FINAL_SIN_PUNTUACION","","El Gerente de División Operaciones Financieras señor Beltrán de Ramón informa que dicho promedio se encuentra en el rango que va de 10 a 20 puntos base,","lo cual es confirmado por el señor Felipe Jaque, quien explica, además, que dicho promedio es particularmente bajo para el Spread Libor - OIS a tres meses y que hoy está algo por sobre el rango estándar de 25 puntos base, aproximadamente. A"
"RPM-2010-10-14:3460:1","3460","2010-10-14","Claudio Soto Gamboa","José De Gregorio Rebeco","SIN_FICHA_BILATERAL","","FINAL_SIN_PUNTUACION","","ivo de la publicación del IPoM porque el mercado recogió las perspectivas de una normalización del impulso monetario más intensa que la esperada, se revirtieron significativamente después de la publicación de la Minuta de la última Reunión,","El Presidente señor José De Gregorio consulta si el alza de las tasas en UF obedece solo a las perspectivas inflacionarias."
"RPM-2010-11-16:3543:1","3543","2010-11-16","Rodrigo Vergara Montes","Claudio Soto Gamboa","SIN_FICHA_BILATERAL","","FINAL_SIN_PUNTUACION","","El Consejero señor Rodrigo Vergara pregunta por la velocidad anualizada,","respondiendo el señor Claudio Soto que es cercana a 80%."
"RPM-2010-12-16:3620:2","3620","2010-12-16","Claudio Soto Gamboa","Rodrigo Vergara Montes","SIN_FICHA_BILATERAL","","FINAL_SIN_PUNTUACION","","ción al alza se basó exclusivamente en el alza del impuesto que se decretó hace unos 10 años, aproximadamente. Con todo, señala que todo indica que las empresas tienen una política de ajuste anual de precios, alrededor del mes de mayo. ~ .,","El Consejero señor Rodrigo Vergara pregunta por la incidencia de las tarifas eléctricas en la caída de la inflación de diciembre,"
"RPM-2010-12-16:3620:3","3620","2010-12-16","Rodrigo Vergara Montes","Claudio Soto Gamboa","SIN_FICHA_BILATERAL","","FINAL_SIN_PUNTUACION","","El Consejero señor Rodrigo Vergara pregunta por la incidencia de las tarifas eléctricas en la caída de la inflación de diciembre,","a lo cual el señor Claudio Soto responde que alcanza a 1 décima, aproximadamente."
"RPM-2011-01-13:3646:1","3646","2011-01-13","Sebastián Claro Edwards","Sergio Lehmann Beresi","SIN_FICHA_BILATERAL","","FINAL_SIN_PUNTUACION","","El Consejero señor Sebastián Claro plantea que los vaivenes que exhiben las tasas largas en Alemania estarían determinados por el estrés financiero en Europa, ya que los datos de esa economía han sido bastante positivos en el margen,","lo cual es confirmado por el Gerente de Análisis Internacional señor Sergio Lehmann."
"RPM-2011-03-17:3843:1","3843","2011-03-17","Enrique Marshall Rivera","Luis Óscar Herrera Barriga","SIN_FICHA_BILATERAL","","FINAL_SIN_PUNTUACION","","ebe tener presente que esa información está atrasada y que el hecho de considerar la inflación promedio diluye el problema en cierta medida. En su opinión, las expectativas a fin de año reflejarían de mejor forma la situación inflacionaria,","lo cual es rebatido por el señor Luis Óscar Herrera, quien sostiene que, en general, las expectativas no son muy sensibles a ello."
"RPM-2011-04-12:3906:1","3906","2011-04-12","José De Gregorio Rebeco","Sebastián Claro Edwards","SIN_FICHA_BILATERAL","","FINAL_SIN_PUNTUACION","","El Presidente señor José De Gregorio piensa que la caída de tasas puede obedecer a expectativas de mayor inflación y mayor crecimiento,","en tanto que el Consejero señor Sebastián Claro estima que responde a expectativas de mayor inflación y menor crecimiento."
"RPM-2011-06-14:4096:2","4096","2011-06-14","Kevin Cowan Logan","Claudio Soto Gamboa","SIN_FICHA_BILATERAL","","FINAL_SIN_PUNTUACION","","El Gerente de División Política Financiera pregunta por los sectores que explican la corrección a la baja del crecimiento de las exportaciones reales,","a lo cual el señor Claudio Soto responde que obedece al sector minería."
"RPM-2011-07-14:4153:1","4153","2011-07-14","Manuel Marfán Lewis","Sergio Lehmann Beresi","SIN_FICHA_BILATERAL","","FINAL_SIN_PUNTUACION","","e precios respecto de lo que se esperaba. Agrega que, de acuerdo con los antecedentes disponibles, estos precios habrían registrado una caída mayor que lo anticipado, por una serie de eventos favorables en las cosechas y en los inventarios,","El señor Sergio Lehmann confirma que la caída de estos precios ha sido más favorable de lo esperado. Asimismo, y respondiendo a una consulta del Consejero señor Rodrigo Vergara, informa que el alza del precio del azúcar obedece a la menor p"
"RPM-2011-07-14:4182:1","4182","2011-07-14","José De Gregorio Rebeco","Claudio Soto Gamboa","SIN_FICHA_BILATERAL","","FINAL_SIN_PUNTUACION","","El Presidente señor José De Gregorio indica que las condiciones de demanda de créditos de consumo están mejorando,","lo cual es confirmado por el señor Claudio Soto, quien acota que las condiciones de oferta están cercanas a cero, lo que significa que no hay cambios respecto del trimestre anterior."
"RPM-2011-08-18:4220:2","4220","2011-08-18","Sergio Lehmann Beresi","Luis Óscar Herrera Barriga","SIN_FICHA_BILATERAL","","FINAL_SIN_PUNTUACION","","El señor Lehmann se compromete a revisar el gráfico,","en tanto que el Gerente de División Estudios señor Luis Óscar Herrera hace presente que considerar el spread Euribor- Eonia arroja los mismos resultados que el spread Libor-OIS."
"RPM-2011-08-18:4234:1","4234","2011-08-18","Sebastián Claro Edwards","Sergio Lehmann Beresi","SIN_FICHA_BILATERAL","","FINAL_SIN_PUNTUACION","","El Consejero señor Sebastián Claro consulta por las proyecciones discutidas en la reunión del Informe de Política Monetaria (IPoM) del día viernes 12,","a lo cual el señor Lehmann responde que para el año 2012 se espera un crecimiento de 1,5% para Estados Unidos, de 1% para Europa y de 8% para China."
"RPM-2011-10-13:4341:2","4341","2011-10-13","Sergio Lehmann Beresi","Manuel Marfán Lewis","SIN_FICHA_BILATERAL","","FINAL_SIN_PUNTUACION","","El señor Lehmann responde que ese es precisamente el objeto de la votación,","en tanto que el Vicepresidente señor Manuel Marfán agrega que votan porque otorgan su garantía."
"RPM-2011-10-13:4347:1","4347","2011-10-13","Rodrigo Vergara Montes","Luis Óscar Herrera Barriga","SIN_FICHA_BILATERAL","","FINAL_SIN_PUNTUACION","","El Consejero señor Rodrigo Vergara formula la misma pregunta respecto de China,","a lo cual el señor Herrera señala que las proyecciones se han corregido a la baja. Destaca que el último dato puntual fue algo mejor, pero después de un trimestre en que las cifras habían estado mostrando expectativas de crecimiento más déb"
"RPM-2011-10-13:4366:2","4366","2011-10-13","Rodrigo Cerda Norambuena","Claudio Soto Gamboa","SIN_FICHA_BILATERAL","","FINAL_SIN_PUNTUACION","","El Asesor del Ministro de Hacienda señor Rodrigo Cerda consulta por la velocidad de ventas del sector,","a lo cual el señor Claudio Soto responde que han estado creciendo, pero que no alcanzan aún los niveles observados antes de la crisis. En cuanto al empleo, el señor Claudio Soto destaca el alto dinamismo que se observa, especialmente en la "
"RPM-2011-12-13:4470:1","4470","2011-12-13","Rodrigo Vergara Montes","Sergio Lehmann Beresi","SIN_FICHA_BILATERAL","","FINAL_SIN_PUNTUACION","","El Presidente señor Rodrigo Vergara plantea que los antecedentes expuestos permiten señalar que la situación es algo menos negativa,","lo cual es confirmado por el señor Lehmann."
"RPM-2012-03-15:4698:1","4698","2012-03-15","Enrique Marshall Rivera","Claudio Soto Gamboa","SIN_FICHA_BILATERAL","","FINAL_SIN_PUNTUACION","","El Consejero señor Enrique Marshall consulta por el ritmo de crecimiento de las colocaciones de consumo,","a lo cual el señor Claudio Soto responde que su velocidad de expansión es inferior al 1%."
"RPM-2012-04-17:4763:1","4763","2012-04-17","Joaquín Vial Ruiz-Tagle","Claudio Soto Gamboa","SIN_FICHA_BILATERAL","","FINAL_SIN_PUNTUACION","","El Consejero señor Joaquín Vial consulta por los programas de empleo de emergencia del Gobierno,","a lo cual el señor Soto responde que se dejó de efectuar un seguimiento de ellos, pero que los datos disponibles reflejan una incidencia bastante pequeña desde hace un par de años."
"RPM-2012-05-17:4826:1","4826","2012-05-17","Rodrigo Vergara Montes","Ricardo Vicuña Poblete","SIN_FICHA_BILATERAL","","FINAL_SIN_PUNTUACION","","El Presidente señor Rodrigo Vergara solicita que se precise lo referente a los gastos extrapresupuestarios,","a lo cual el Gerente de División Estadísticas señor Ricardo Vicuña aclara que estos se refieren a aquellos bienes y servicios que contempla la Ley de Gastos Reservados de las Fuerzas Armadas. Agrega que los bienes y servicios de consumo del"
"RPM-2012-08-16:5003:1","5003","2012-08-16","Rodrigo Vergara Montes","Claudio Soto Gamboa","SIN_FICHA_BILATERAL","","FINAL_SIN_PUNTUACION","","El Presidente señor Rodrigo Vergara, en relación con lo expuesto, hace presente que el gas registró una fuerte baja recientemente,","consignando el señor Claudio Soto que el perfil estacional de la gasolina debería subir y que en cuanto al gas, Metrogas anunció una baja de precios, la que no tiene mayor incidencia, porque beneficiará solo a una parte de la población que "
"RPM-2012-09-13:5061:1","5061","2012-09-13","Rodrigo Vergara Montes","Kevin Cowan Logan","SIN_FICHA_BILATERAL","","FINAL_SIN_PUNTUACION","","El Presidente señor Rodrigo Vergara comenta la emisión de bonos efectuada por el Banco Santander,","precisando el señor Kevin Cowan que la emisión fue realizada el día de ayer y que su monto alcanzó a US$750 millones."
"RPM-2012-10-18:5133:1","5133","2012-10-18","Rodrigo Vergara Montes","Claudio Soto Gamboa","SIN_FICHA_BILATERAL","","FINAL_SIN_PUNTUACION","","El Presidente señor Rodrigo Vergara consulta por la consistencia entre estas estimaciones, las del Instituto Nacional de Estadísticas y las de la Asociación Chilena de Seguridad,","a lo que el señor Claudio Soto responde que todas ellas reflejan un panorama similar, aun cuando precisa que las estimaciones del INE no incluyen los datos de salarios agrícolas."
"RPM-2012-12-13:5252:2","5252","2012-12-13","Consejo del Banco Central de Chile","Manuel Marfán Lewis","SIN_FICHA_BILATERAL","","FINAL_SIN_PUNTUACION","","Siendo las 16:30 horas, se reanuda la Reunión de Política Monetaria N° 193 y pasa a presidir la Sesión transitoriamente el Vicepresidente señor Manuel Marfán,","haciendo presente que el Presidente señor Rodrigo Vergara se incorporará posteriormente por cuanto se encuentra en una actividad propia del ejercicio de su cargo."
"RPM-2013-05-16:5519:1","5519","2013-05-16","Sebastián Claro Edwards","Sergio Lehmann Beresi","SIN_FICHA_BILATERAL","","FINAL_SIN_PUNTUACION","","El Consejero señor Sebastián Claro consulta acerca de los factores que han incidido en la fuerte depreciación del dólar australiano y neozelandés,","precisando el señor Sergio Lehmann que los conforman las señales de preocupación por el tipo de cambio y un componente asociado a los términos de intercambio."
"RPM-2013-07-11:5639:1","5639","2013-07-11","Rodrigo Vergara Montes","Sergio Lehmann Beresi","SIN_FICHA_BILATERAL","","FINAL_SIN_PUNTUACION","","El Presidente señor Rodrigo Vergara comenta que el gobierno portugués no ha descartado el otorgamiento de un nuevo conjunto de medidas de apoyo por parte de las instituciones internacionales, reflejando la complejidad de su situación,","lo que es corroborado por el señor Sergio Lehmann, quien precisa, además, que si bien esa noticia generó una reacción positiva en los mercados, los EMBI y los spreads se han mantenido elevados y más altos que hace un mes atrás, dando cuenta"
"RPM-2013-07-11:5643:2","5643","2013-07-11","Joaquín Vial Ruiz-Tagle","Sergio Lehmann Beresi","SIN_FICHA_BILATERAL","","FINAL_SIN_PUNTUACION","","aquín Vial destaca que todas las regiones exhiban flujos de capitales negativos, lo que en su opinión daría cuenta de que los inversionistas están retirando sus posiciones de los mercados internacionales y regresando a sus países de origen,","lo cual es confirmado por el señor Sergio Lehmann."
"RPM-2013-07-11:5647:1","5647","2013-07-11","Rodrigo Vergara Montes","Sergio Lehmann Beresi","SIN_FICHA_BILATERAL","","FINAL_SIN_PUNTUACION","","El Presidente señor Rodrigo Vergara observa que las variaciones que acumulan las paridades desde el mes de diciembre de 2012 a la fecha difieren de las informadas por la Gerencia de Análisis Internacional en forma diaria,","por lo que el señor Sergio Lehmann se compromete a revisar dicha información. En lo atinente a las intervenciones cambiarías, hace presente que Perú ha vendido dólares estadounidenses con el propósito de moderar la depreciación de su moneda"
"RPM-2013-09-12:5764:1","5764","2013-09-12","Sebastián Claro Edwards","Sergio Lehmann Beresi","SIN_FICHA_BILATERAL","","FINAL_SIN_PUNTUACION","","El Consejero señor Sebastián Claro plantea que el empleo estructural en Estados Unidos de América ha cambiado lo que se habría potenciado con la última crisis,","a lo cual el señor Sergio Lehmann agrega que las personas en edad de pensionarse están trabajando más años y, por tanto, dejando con posterioridad la fuerza de trabajo."
"RPM-2013-11-19:5872:1","5872","2013-11-19","Manuel Marfán Lewis","Claudio Soto Gamboa","SIN_FICHA_BILATERAL","","FINAL_SIN_PUNTUACION","","El Vicepresidente señor Manuel Marfán consulta si la reducción de existencias corresponde a bienes exportables o de otra clase,","respondiendo el señor Claudio Soto que su gran componente es minería, pero también proviene del sector industrial."
"RPM-2014-04-17:6135:3","6135","2014-04-17","Miguel Fuentes Díaz","Ricardo Vicuña Poblete","SIN_FICHA_BILATERAL","","FINAL_SIN_PUNTUACION","","El señor Miguel Fuentes señala que dicha empresa ha informado un plan de inversión algo menor que el del año anterior,","en tanto el Gerente de División Estadísticas señor Ricardo Vicuña precisa que por el momento no ha reportado hasta esta fecha compras de aeronaves y agrega que hasta el año pasado, las importaciones de aeronaves para los vuelos entre las ci"
"RPM-2014-09-11:6407:1","6407","2014-09-11","Sebastián Claro Edwards","Beltrán de Ramón Acevedo","SIN_FICHA_BILATERAL","","FINAL_SIN_PUNTUACION","","El Consejero señor Sebastián Claro recuerda que en ese período se desarrollaron las marchas estudiantiles,","y el Gerente de División Operaciones Financieras señor Beltrán de Ramón agrega que los fondos de pensiones anotaron una fuerte caída en el mes de mayo de ese año."
"RPM-2014-09-11:6415:1","6415","2014-09-11","Rodrigo Vergara Montes","Matías Bernier Bórquez","SIN_FICHA_BILATERAL","","FINAL_SIN_PUNTUACION","","El Presidente señor Rodrigo Vergara consulta por la fecha en que se espera la primera subida de tasa,","a lo cual el Gerente de Mercados Nacionales informa que el mercado estima que ella se materializará en el mes de julio del próximo año."
"RPM-2015-06-11:6813:1","6813","2015-06-11","Rodrigo Vergara Montes","Diego Gianelli Gómez","SIN_FICHA_BILATERAL","","FINAL_SIN_PUNTUACION","","El Presidente señor Rodrigo Vergara hace presente que la clasificación de riesgo de Grecia fue rebajada nuevamente,","precisando el señor Diego Gianelli que la agencia Standard & Poor’s bajó recientemente desde CCC+ a CCC la calificación de su deuda soberana."
"RPM-2015-06-11:6862:1","6862","2015-06-11","Rodrigo Vergara Montes","Juan Pablo Araya Marco","SIN_FICHA_BILATERAL","","FINAL_SIN_PUNTUACION","","El Presidente señor Rodrigo Vergara solicita al Fiscal señor Juan Pablo Araya que precise si existe algún impedimento para que el señor Subsecretario intervenga emitiendo su opinión durante el proceso de votación,","indicando el señor Fiscal que no hay ningún inconveniente reglamentario para dar lugar a ello y que inmediatamente a continuación se reanude el proceso de votación."
"RPM-2015-12-17:7176:1","7176","2015-12-17","Alberto Naudon Dell'Oro","Joaquín Vial Ruiz-Tagle","SIN_FICHA_BILATERAL","","FINAL_SIN_PUNTUACION","","El señor Alberto Naudon reitera que no es habitual tener recesiones de esta intensidad y duración que no estén acompañadas de una crisis financiera,","agregando el Consejero señor Joaquín Vial que una alternativa posible es que el sector público esté en quiebra."
