ID_Padre,Fecha,IDs_Antes,Actores_Antes,ID_Actual,Actor_Actual,Fuente_Actor,Texto_Actual
514,2005-12-13,630,Vittorio Corbo Lioi,630,Vittorio Corbo Lioi,SUJETO_ROL_NOMBRE,"El Presidente señor Corbo, sobre este tema señala, en la misma dirección del Consejero señor Marfán, que hace diez días atrás una agencia clasificadora de riesgos"
514,2005-12-13,630,Vittorio Corbo Lioi,631,Beltrán de Ramón Acevedo,CONTEXTO_REVISADO,"Con respecto al tipo de cambio, el Gerente de Mercados Financieros, señor Beltrán De Ramón indica, que lo que ha pasado en el último mes y tal vez en una perspectiva de tasa de Chile con Brasil y de Chile con México, éstas se han reducido desde agosto, 400 puntos base con Brasil y 205 puntos base con México, un poco menos respecto al último mes. Señala, que la correlación no ha sido tan alta como lo fue en el semestre, y lo que puede apreciarse es que la posición MBF que llegó a un máximo de US$ 5.600 millones en octubre, era una posición compradora de pesos, la que se redujo el día miércoles, según el último dato con que se cuenta, a menos de US$ 4.500 millones. Lo anterior, puso una presión adicional a los movimientos ocurridos en el mercado local en el día anterior, respecto del dólar, que subió a S 516 y volvió a $ 510."
653,2006-04-13,863;864,Jorge Desormeaux Jiménez;José De Gregorio Rebeco,864,Jorge Desormeaux Jiménez,SUJETO_ROL_NOMBRE,"El Consejero señor Jorge Desormeaux, manifiesta que la decisión de hoy se enmarca en un cuadro en que las principales novedades provienen del exterior, como se ha señalado previamente. Señala el señor Consejero, que los antecedentes muy completos que ha presentado la Gerencia de División Estudios, indican que pese a todos los inconvenientes que ha enfrentado la economía mundial en los últimos doce meses, huracanes en el Golfo de México, en el Asia, alzas en el precio del petróleo, menor dinamismo en el mercado de la vivienda en los Estados Unidos de América, riesgos geopolíticos, etc., este dinamismo se mantiene favorable y resulta cada vez más balanceado entre regiones. Agrega, que si bien las cifras apuntan a una aceleración del crecimiento, una buena parte de esta corrección corresponde a un cambio de ponderaciones que fue provocada por la revisión de estadísticas de China, y que aún así, la economía mundial registra un mayor crecimiento en el margen, lo que ha llevado al precio de los commodities, incluyendo el cobre, a valores sustancialmente mayores a los proyectados. En el caso del petróleo también han incidido factores geopolíticos. Indica el señor Consejero que, en el plano interno, la economía se desempeña en gran medida de acuerdo a lo previsto. Si bien la actividad muestra un debilitamiento en el primer trimestre que podría extenderse al segundo, ello sería, y es nuestra mejor evaluación hoy día, el reflejo de factores puntuales y no representa un cambio de tendencia. La demanda interna, por su parte, presenta una desaceleración que se enmarca plenamente dentro del escenario central de nuestro informe de política monetaria de enero. Agrega el Consejero señor Desormeaux, que más allá de estos factores puntuales que afectan a sectores específicos, como la agricultura y la industria, entonces, la economía se expande a un ritmo que sigue siendo superior a su tendencia en un marco de holguras cada vez menores, lo que tiene lugar en un contexto de condiciones financieras cuya expansividad sigue siendo elevada, como se ha señalado. Señala el señor Consejero, que concuerda con la conclusión de la Gerencia de División Estudios, en cuanto a que pese a estos desarrollos, el panorama macroeconómico no ha experimentado cambios fundamentales respecto de evaluaciones anteriores y que, por lo tanto, la estrategia de normalización pausada del impulso monetario sigue siendo la opción más válida y que no sería, en consecuencia, necesaria una aceleración de la misma. Sin embargo, agrega que en las actuales circunstancias le parece difícil justificar una pausa. Las mejores condiciones externas y su eventual impacto en el gasto público y privado, como se ha discutido p re v ia m e n te , en un marco de condiciones financieras expansivas y de holguras decrecientes, configuran un cuadro que resultaría difícil de reconciliar con dos pausas consecutivas de la tasa de política monetaria. Señala, que un alza de 25 puntos base, decisión que espera la mayoría del mercado, sería más coherente con nuestro escenario central y contribuye a mantener las expectativas ancladas en torno al centro del rango meta. Al respecto, indica que dado que el"
653,2006-04-13,863;864,Jorge Desormeaux Jiménez;José De Gregorio Rebeco,865,José De Gregorio Rebeco,CONTEXTO_REVISADO,"El Vicepresidente señor José De Gregorio indica, que el panorama económico reciente es coherente con el escenario central de nuestro último IPOM y, por lo tanto, no hay razones para cambiar nuestra estrategia de retiro gradual del impulso monetario para cumplir con nuestro objetivo inflacionario. Sin embargo, señala que la pregunta relevante es si corresponde hacer una pausa o no a la luz de lo ocurrido desde nuestra última RPM. Indica, que para ello se debe considerar, en primer lugar, que el mes pasado la decisión no fue fácil, en cuanto había buenas razones para subir o mantener la tasa. La mantención dejó implícito que, en el escenario más probable, este mes se debería subir la tasa de política monetaria y ello es una poderosa razón para subirla, en particular, dado que el escenario central no ha cambiado. Sin embargo, indica el señor Vicepresidente que, deberíamos detenernos a examinar que ha pasado en el margen, y aquí es donde han habido novedades que han sido bien analizadas por la Gerencia de División Estudios, las que se pueden resumir en; significativa alza del precio del cobre; apreciación del peso desde la última reunión de política monetaria hasta hoy, de aproximadamente 3%; alza del precio del petróleo, aunque con movimientos probablemente compensatorios del precio de la gasolina; y un crecimiento del PIB levemente inferior al previsto anteriormente. Por su parte, indica que, los costos laborales unitarios siguen una senda consistente con la meta de inflación, pero hay que tener cuidado con la medición. Señala que si bien nuestra medición, corrigiendo por estacionalidad-horas y, usando el empleo asalariado, las tasas de crecimiento en 12 meses han subido sistemáticamente los últimos meses hasta llegar cerca de 3%, en las cifras más recientes, no está claro que ésa es la medida más adecuada. Además, agrega que como bien señala la Gerencia de División Estudios, en términos velocidad, ésta no está aumentando, aunque sí se encuentra en el límite de su consistencia con la meta de inflación. Sin embargo, señala el señor Vicepresidente, cambiar las cifras usadas para calcular el costo laboral unitario puede llevar a visiones distintas. Los indicadores se vuelven bastante volátiles. Agrega que, de hecho, si en vez de usar el empleo asalariado ajustado por estacionalidad se considera el empleo total, se mantiene el resto de los datos. El costo laboral unitario habría caído en torno a un 1,4% anual en noviembre y diciembre del año pasado, en vez de subir 1,7%. Habría subido un 0,2% en enero, en vez de un 2,5%; y, un 2,3% en febrero en vez de un 3,7%. Se ve claramente un incremento en los costos laborales unitarios, pero aún en rangos moderados. Hace presente el señor Vicepresidente, que este ejercicio sólo intenta mostrar que si bien los costos laborales crecen, es probable que no tanto como lo que indicarían nuestros indicadores regulares. Si bien esto no cambia la visión central respecto de las presiones de costo, además que en el pasado ya hubo problemas con la interpretación de los datos, cuando se usa el empleo total, no se puede descartar fácilmente que ellas sean, aunque igualmente crecientes, algo menores. Si a esto se agrega el efecto de la evolución del tipo de cambio, es de esperar que en algo se estén reduciendo las presiones inflacionarias respecto a nuestro escenario central. En consecuencia, señala que no le parece que estemos ante una decisión simple, como tal vez pensábamos un mes atrás. La evidencia más reciente del tipo de cambio y actividad así como la incertidumbre respecto a la velocidad de aumento de los costos laborales unitarios, no son suficientes para pensar que hay un cambio de tendencia o que la estrategia de política monetaria debiera cambiar. Le parece que habría que estar particularmente vigilantes de las señales recientes, las que de persistir irán configurando un escenario de mayores pausas en el ritmo de normalización de la política monetaria. Con todo, y con una cuota mayor de dudas que otras veces, señala el señor Vicepresidente que se inclina por un alza de 25 puntos base en la tasa de política monetaria y, en tal virtud, vota en ese sentido."
1010,2006-12-14,1296;1297;1298;1299,Manuel Marfán Lewis;Igal Magendzo Weinberger;Rodrigo Valdés Pulido;Manuel Marfán Lewis,1297,Manuel Marfán Lewis,SUJETO_ROL_NOMBRE,"El Consejero señor Manuel Marfán comenta que existe una tasa en la OIT, que le parece adecuada como indicador, porque hay poca costumbre de realizar una medición con la tasa de ocupación, o sea es el empleo sobre toda la población que está en edad de trabajar, porque eso es una mezcla entre tasa de participación. Agrega que tiene la impresión de que ésta es mucho más estable porque tiene más información cíclica que la tasa de desempleo, que es más bien una cuestión de sensación térmica que depende mucho de la evolución de la fuerza de trabajo. Por otra parte, señala que en el día de hoy aparece una entrevista al economista señor Mario Marcel en el Diario El Mercurio, que le parece interesante de considerar, porque cree que él está revisando la propuesta de la regla fiscal, pero dice que el Banco Central tuvo algunos problemas de política económica, principalmente, por las cifras del mercado del trabajo. Agrega el señor Marfán que sería interesante saber si efectivamente el hecho de que el INE haya cambiado las cifras de empleo, motivó el que se pudiera haber tomado una decisión distinta."
1010,2006-12-14,1296;1297;1298;1299,Manuel Marfán Lewis;Igal Magendzo Weinberger;Rodrigo Valdés Pulido;Manuel Marfán Lewis,1298,Igal Magendzo Weinberger,SUJETO_NOMBRE,"El señor Madgenzo, sobre el tema, señala que en el IPoM de mayo se mencionó que se estaban tomando con cautela las cifras de costos laborales."
1010,2006-12-14,1296;1297;1298;1299,Manuel Marfán Lewis;Igal Magendzo Weinberger;Rodrigo Valdés Pulido;Manuel Marfán Lewis,1299,Rodrigo Valdés Pulido,SUJETO_NOMBRE,"El señor Valdés menciona que este año, con las nuevas cifras, se dejó de dar credibilidad completa a las cifras de empleo en la toma de decisión y análisis. Sin embargo, lo que no cambió y tampoco se modifica con las cifras nuevas, es el cuadro de fuerte creación de empleo que hubo en el año 2005, con su consecuente efecto en costos laborales unitarios."
1010,2006-12-14,1296;1297;1298;1299,Manuel Marfán Lewis;Igal Magendzo Weinberger;Rodrigo Valdés Pulido;Manuel Marfán Lewis,1300,Manuel Marfán Lewis,SUJETO_ROL_NOMBRE,"El Consejero señor Marfán indica que desea comentar que el señor Mario Marcel es un buen economista y muy honesto, y cree, que no tiene intenciones políticas en lo que ha señalado, de modo que lo tomaría con buena fe de que él realmente piensa así. No obstante, tiene la sensación que cuando el Gobierno impulsa la regla fiscal, lo que está implícitamente pensando es que cuando esa regla tiene un componente anticíclico éste es tenue y que, por lo tanto, la política monetaria debería jugar un rol anticíclico más fuerte. En consecuencia, a su juicio, si existe una desaceleración, el discurso consistente y coherente de ellos es que la política monetaria no jugó el rol anticíclico que debió haber tenido. Le parece que ese es el"
1010,2006-12-14,1296;1297;1298;1299,Manuel Marfán Lewis;Igal Magendzo Weinberger;Rodrigo Valdés Pulido;Manuel Marfán Lewis,1301,José De Gregorio Rebeco,CONTEXTO_REVISADO,"El Vicepresidente señor José De Gregorio, con respecto a esta discusión, señala que el Banco tuvo una sorpresa la que tendrá implicancia en los aspectos de política monetaria, en el sentido si el menor nivel de actividad, independiente de que si es transitoria o permanente, tiene impacto sobre la presión inflacionaria. Por otro lado, con respecto del tema laboral recuerda que hubo discusiones previas sobre nuestras cifras de costo laboral, ya que se advertía que había cierta anormalidad."
1623,2008-01-10,2150;2151,Jorge Desormeaux Jiménez;Igal Magendzo Weinberger,2152,Jorge Desormeaux Jiménez,SUJETO_ROL_NOMBRE,"El Vicepresidente señor Desormeaux señala que le llama la atención que a pesar de un diagnóstico de una inflación en alza en todas partes del mundo desarrollado, las tasas de interés están más bien bajando. Agrega que este hecho constituye una diferencia bastante grande con respecto a lo que sucede en el mundo emergente donde los movimientos de tasas sí van en dirección al alza. 7"
1623,2008-01-10,2150;2151,Jorge Desormeaux Jiménez;Igal Magendzo Weinberger,2153,Igal Magendzo Weinberger,CONTEXTO_REVISADO,"Menciona el señor Magendzo que como forma de prevenir el riesgo que la mayor inflación afecte la formación de expectativas de mediano y largo plazo y se propague hacia otros precios y costos más allá de lo habitual, la política monetaria se ha ajustado, aumentando la Tasa de Política Monetaria en 25 puntos base en los meses de septiembre y diciembre, respectivamente, hasta llevarla a 6% anual. Por otra parte, menciona el señor Magendzo que en el último año se han sumado un conjunt o de shocks, en gran medida ligados a factores de oferta, cuya magnitud y simultaneidad ha llevado la inflación anual a valores muy por sobre el rango de tolerancia de la meta de inflación. Como se indicó en el mes de septiembre, en gran parte del año 2007 se verificó un incremento sostenido de los precios internacionales de algunos alimentos, con alta incidencia en los precios internos. Hace presente también que a esto se agregó el efecto de las heladas locales en los precios de las frutas y verduras frescas,que provocó que a fines del tercer trimestre, tanto en la inflación total como sus medidas subyacentes -IPCX e IPCX1- se anotaran tasas de crecimiento anual por sobre 5%. Por otro lado, menciona el señor Gerente de Análisis Macroeconómico que en los últimos meses el precio del petróleo y sus derivados volvieron a subir inesperadamente. Agrega que se hizo más notorio el efecto en el costo de la electricidad debido al cambio en la matriz de generación eléctrica, la que se desplazó hacia fuentes más caras que la hídrica. Menciona además, que los precios de algunos alimentos, en particular los perecibles, tuvieron una reversión menor que la esperada. Como consecuencia de lo anterior, el señor Gerente de Análisis Macroeconómico hace presente que a fines del año 2007, la inflación anual dellPC se acercó a 8%. Por otra parte, el señor Gerente de Análisis Macroeconómico señala que la magnitud de los shocks de oferta se aprecia al comparar el inusual incremento que registraron ciertos precios el 2007, con su aumento promedio de esta década. Asimismo , agrega que los precios de los alimentos no perecibles aumentaron cerca de 15% anual en el año recién pasado, lo que contrasta con un aumento promedio algo menor del 2% entre los años 2000 y 2006. Por otra parte, indica que el precio de las frutas y verduras frescas, aún considerando años de altos precios, como lo fueron el 2002 y el 2005, cayó casi 2% promedio entre los años 2000 y 2006. Agrega que el año 2007 aumentó algo más de 30%. Señala que la tarifa eléctrica afectada por el alza de sus costos, aumentó 22% promedio en el año, casi el doble si se considera la tarifa vigente a diciembre de 2007, comparado con un aumento de menos de 6% promedio entre los años 2000 y 2006. Hace presente también que el aumento del precio de los combustibles, aunque fue sólo algo mayor que el observado en los últimos años, fue sorpresivo, toda vez que la expectativa mayoritaria de los distintos agentes del mercado apuntaba a un leve descenso. Explica el Gerente señor Magendzo que debido a estos hechos, la inflación que se acumuló durante el año 2007 fue entre cinco y seis puntos porcentuales . Asimismo, hace presente que una parte importante de los precios registró cambios en línea con su tendencia de los últimos años y otros, en especial la tarifa del transporte público en Santiago, que descendió a comienzos de 2007, tuvieron una incidencia negativa en la inflación anual. Indica el señor Magendzo, que en el segundo semestre de 2007, la actividad creció a una tasa menor que en el primer semestre y que lo previsto en septiembre, en parte importante por shocks específicos. En particular, destaca el señor Magendzo la acentuación de la caída del valor agregado del sector eléctrico, dada la menor disponibilidad de recursos hídricos para la generación eléctrica, en un contexto de escasa disponibilidad de gas natural y elevados precios del petróleo y sus derivados. Este cuadro provocó un aumento importante en los costos de la electricidad y en las tarifas que pagan hogares y empresas . Comenta que aunque es difícil cuantificar con exactitud su impacto, el mayor costo de la energía ha sido causante en parte del menor dinamismo en la industria. Agrega, que en todo caso estos mayores precios de la energía, coherentes con las condiciones que se enfrentan en materia de abastecimiento energético, proveen los incentivos para las inversiones que se prevén en el sector. Señala que como consecuencia de lo anterior, se estima que en el 2007 el PIB creció un 5,2% anual. Asimismo, la demanda interna siguió aumentando sostenidamente, apoyada en la inversión y el consumo privado. Por su parte, señala el señor Magendzo, que en el año 2008 el escenario base de proyección, considera que el PIB aumentará entre un 4,5% y 5,5%. Agrega que la demanda interna crecerá a una tasa inferior que la de los años recientes, aún por sobre el incremento de la actividad. También menciona que el consumo reducirá su crecimiento por el efecto algo rezagado del aumento de la inflación, sobre el ingreso real y un escenario externo menos favorable. Menciona asimismo, que este menor dinamismo del ingreso se dará además en un contexto de atenuación del crecimiento del crédito y del empleo. Indica el señor Gerente que el desarrollo normal del ciclo del crédito de consumo, considerando el grado de penetración que ha alcanzado en la población, constituye un factor que difícilmente estimulará el consumo ante un ingreso menos dinámico. Hace presente también que el aumento del gasto fiscal, tenderá a mitigar a un nivel agregado, debido a la pérdida de dinamismo del ingreso privado. Comenta que esta proyección, no obstante, tiene una alta incertidumbre porque el consumo podría ser más persistente que lo previsto en línea con su comportamiento de los últimos años, pero también podría caer con una fuerza mayor que la anticipada. Manifiesta el señor Gerente que el escenario base supone que durante el año 2008, no habrá cambios relevantes en los envíos de gas natural argentino, ni en las condiciones hidrológicas respecto de 2007. Agrega que los riesgos en este ámbito son especialmente importantes por las implicancias sobre la actividad y la inflación en un escenario de tarifas eléctricas aún mayor y/o menor disponibilidad de la energía. Le parece que un escenario en que estos costos vuelven a aumentar, tendría implicancias relevantes en la actividad de la industria y de otros sectores económicos. Por su parte, señala el señor Magendzo que las expectativas de inflación de corto plazo han aumentado en los últimos meses, aunque a plazos mayores siguen ancladas en torno a 3% anual. El crecimiento anual de los salarios nominales no ha mostrado mayores cambios luego del aumento de mediados de 2007, y se estima que su variación sigue siendo coherente con las cláusulas de indexación habituales y la evolución del mercado laboral en los últimos años. Asimismo, señala que los costos laborales unitarios crecen a tasas anuales que están en línea con la meta de inflación. Hace presente también el señor Gerente, que el escenario base considera que la inflación anual del IPC seguirá aumentando en el curso del primer trimestre de este año, manteniéndose durante todo el año 2008 por sobre el rango de tolerancia, en parte como respuesta al incremento reciente del precio del petróleo y el reajuste rezagado de las tarifas eclécticas, pero también porque algunos precios indexados tendrían aumentos importantes. Por otro lado, y considerando que entre los meses de junio y diciembre de 2007 se dio la mayor concentración de altas variaciones mensuales del IPC, y que en ese lapso se acumuló una inflación de 5,8%, es esperable que a partir de mediados de 2008 la inflación anual del IPC comience a converger hacia la meta, entrando en el rango de tolerancia hacia principios del año 2009 y fluctuando en tomo a un 3% durante ese año y hasta fines del horizonte de proyección, es decir, entre el último trimestre del próximo año y el primero de 2010. Agrega el señor Magendzo que la inflación anual del IPCX1 se mantendrá en niveles inferiores a los de la inflación total en los próximos meses, pero su convergencia hacia un 3% será más lenta que la del IRC. Lo anterior, porque la inercia inflacionaria es mayor en los precios incluidos en el IPCX1 que en aquéllos que no son parte de este índice, como las frutas y verduras frescas. Así, se prevé que la inflación anual del IPCX1 alcanzará a un 3% sólo hacia fines del horizonte de proyección relevante. Menciona el señor Gerente que en el escenario de proyección también se considera que el nivel que ha alcanzado la inflación no se propagará al resto de los precios, más allá de la habitual inercia inflacionaria. Supone también que en los trimestres venideros los salarios nominales crecerán a tasas anuales mayores que las actuales, y que a mediano plazo dichas tasas descenderán. Todo lo anterior, en respuesta principalmente a la indexación y al rezago con que ésta opera. No obstante, indica que no puede descartarse que la propagación sea distinta de la prevista. Por ejemplo, un escenario en que la alta inflación se traduzca en un crecimiento de los salarios mayor que el previsto, llevando a un incremento de los costos laborales unitarios incompatible con la meta de inflación. Agrega también, que podría suceder que la propagación termine siendo incluso menor que la histórica, considerando la transitoriedad de los shocks. Con todo, estima que el Consejo, como es habitual, seguirá con atención la evolución de las expectativas de inflación, manifestando que la confianza en el cumplimiento de la meta inflacionaria es clave en la dinámica de precios. Además, reafirma que tal como ya lo ha hecho, el Consejo adoptará las decisiones necesarias para reducir los riesgos de que la mayor inflación actual se propague más allá de lo habitual hacia los costos, de manera de asegurar que la inflación converja a un 3% anual en el horizonte de política. Manifiesta el señor Magendzo que, en su opinión, las presiones de costos importados no será una fuente relevante de cambios en la inflación en los próximos dos años. Agrega el señor Gerente que la incertidumbre de este supuesto aumenta por las dudas sobre la evolución del escenario externo. Señala además, que no es posible descartar que ante una desaceleración mayor que la anticipada en el crecimiento mundial, los precios internacionales de las materias primas, en especial alimentos, cobre y petróleo, tengan caídas importantes, además de llevar a una menor demanda por las exportaciones chilenas. Le parece que este escenario tendría como contrapartida un aumento del tipo de cambio junto con una eventual incidencia negativa sobre el crecimiento económico, con un efecto neto en la inflación difícil de estimar, que dependerá además del tamaño de las holguras. Hace presente también que no se puede descartar que como ha sido la tónica del último tiempo, los precios de los alimentos y, en especial, del petróleo, se mantengan en niveles elevados o incluso vuelvan a aumentar."
1652,2008-02-07,2200;2201;2202;2203;2204;2205;2206,José De Gregorio Rebeco;Manuel Marfán Lewis;Pablo García Silva;Manuel Marfán Lewis;Beltrán de Ramón Acevedo;Manuel Marfán Lewis;Beltrán de Ramón Acevedo,2202,José De Gregorio Rebeco,SUJETO_ROL_SESION,El señor Presidente ofrece la palabra para comentarios sobre el escenario
1652,2008-02-07,2200;2201;2202;2203;2204;2205;2206,José De Gregorio Rebeco;Manuel Marfán Lewis;Pablo García Silva;Manuel Marfán Lewis;Beltrán de Ramón Acevedo;Manuel Marfán Lewis;Beltrán de Ramón Acevedo,2203,Manuel Marfán Lewis,CONTEXTO_REVISADO,"En cuanto a mercados financieros, el Consejero señor Manuel Marfán señala que tiene algunas dudas respecto de cuál es la tasa de interés externa relevante que se debe considerar en condiciones atípicas, como las que se han presentado en estos meses, con crisis de liquidez, para efectos de determinar la presión sobre el mercado cambiarlo. Agrega el Consejero señor Marfán, que en el corto plazo la tasa importante está implícita en las operaciones forward, la que se había observado hace algunos meses que estaba anormalmente alta. Por consiguiente, aquél banco chileno que quería endeudarse para respaldar su saldo de operaciones forward, se estaba endeudando a una tasa de corto plazo, que era anormalmente elevada, pero cuyo spread ha venido bajando. En consecuencia, cree que, sin demasiados movimientos de tasas, igual se pueden explicar variaciones cambiarías, por los cambios en los spreads."
1652,2008-02-07,2200;2201;2202;2203;2204;2205;2206,José De Gregorio Rebeco;Manuel Marfán Lewis;Pablo García Silva;Manuel Marfán Lewis;Beltrán de Ramón Acevedo;Manuel Marfán Lewis;Beltrán de Ramón Acevedo,2204,Pablo García Silva,SUJETO_ROL_NOMBRE,"El Gerente de División Estudios señor Pablo García señala que el tema que ha planteado el Consejero señor Manuel Marfán es que a ese diferencial, que se calcula con los futuros de Fed funds o la forward de Fed funds, debiera agregársele por un lado el spread interbancario, la Libor, y potencialmente, además, el spread local entre la Libor y la tasa de interés en dólares."
1652,2008-02-07,2200;2201;2202;2203;2204;2205;2206,José De Gregorio Rebeco;Manuel Marfán Lewis;Pablo García Silva;Manuel Marfán Lewis;Beltrán de Ramón Acevedo;Manuel Marfán Lewis;Beltrán de Ramón Acevedo,2205,Manuel Marfán Lewis,SUJETO_ROL_NOMBRE,"El Consejero señor Manuel Marfán indica que lo señalado por el Gerente de División Estudios resulta correcto en condiciones normales, pero si se está en medio de una crisis de liquidez, la tasa de interés que se considera no es la Libor más un spread normal, sino que es una Libor más un spread raro, producto de la iliquidez y, agrega que en algunas sesiones anteriores se había observado que la tasa de interés internacional, que estaba implícita en las operaciones forward, consideraba un spread que era anormalmente alto respecto de lo que era en situaciones sin crisis de liquidez."
1652,2008-02-07,2200;2201;2202;2203;2204;2205;2206,José De Gregorio Rebeco;Manuel Marfán Lewis;Pablo García Silva;Manuel Marfán Lewis;Beltrán de Ramón Acevedo;Manuel Marfán Lewis;Beltrán de Ramón Acevedo,2206,Beltrán de Ramón Acevedo,SUJETO_ROL_NOMBRE,"El Gerente de División Operaciones Financieras señor Beltrán De Ramón señala que lo planteado por el Consejero señor Manuel Marfán es levemente distinto, ya que si el spread está alto podría significar que están realizando operaciones personas que se están activando en dólares y al mismo tiempo están cubriendo su posición como en el caso de las AFP. Por lo tanto, el costo lo están pagando quienes están invirtiendo en dólares y aquéllos que están endeudados en dólares, como son las grandes empresas chilenas, las exportadoras y otros que quisieran cubrir su posición en esa moneda “pesificándose”. En consecuencia, señala que tales empresas reciben esta mayor tasa, por lo que su endeudamiento se afecta por este spread anormalmente alto y resulta más barato."
1652,2008-02-07,2200;2201;2202;2203;2204;2205;2206,José De Gregorio Rebeco;Manuel Marfán Lewis;Pablo García Silva;Manuel Marfán Lewis;Beltrán de Ramón Acevedo;Manuel Marfán Lewis;Beltrán de Ramón Acevedo,2207,Manuel Marfán Lewis,SUJETO_ROL_NOMBRE,"El Consejero señor Manuel Marfán menciona que no está cien por ciento seguro de su comentario, pero estima que podría analizarse en profundidad con posterioridad. Agrega, que se imagina que los bancos operan si todas las contrapartidas de las operaciones forward son bancos, las de las AFP operan con bancos y los exportadores también con bancos. El neteo, el broker es el sistema bancario. Si el sistema bancario está vendiendo más forward de los que está comprando, el mercado está comprando más forward de lo que está vendiendo, entonces en ese caso lo que tiene que hacer el banco es activarse en dólares y probablemente va al mercado spots a comprarlos. Si lo que ocurre es lo opuesto, y tiene que pasivarse en dólares, lo que tiene que hacer es pedir crédito por el neto. Por lo tanto, los exportadores y las AFP lo que hacen es que enfrentan exactamente el mismo precio forward, o sea, no es que unos tengan una tasa de interés de un tipo y los otros tengan una tasa de interés de otro tipo porque ahí sí que funciona justamente el arbitraje que están haciendo los bancos. Esa es la condición anormal que ha habido en este período y ese spread, que se vio en alguna sesión atrás, que era anormalmente muy alto, ha afectado a todos los participantes del mercado."
1652,2008-02-07,2200;2201;2202;2203;2204;2205;2206,José De Gregorio Rebeco;Manuel Marfán Lewis;Pablo García Silva;Manuel Marfán Lewis;Beltrán de Ramón Acevedo;Manuel Marfán Lewis;Beltrán de Ramón Acevedo,2208,Beltrán de Ramón Acevedo,SUJETO_ROL_NOMBRE,"El Gerente de División Operaciones Financieras señor Beltrán De Ramón le señala al Consejero señor Manuel Marfán que podría prepararse una minuta, conjuntamente con la Gerencia de División Política Financiera, para ser presentada en alguna sesión posterior."
