ID_Padre,SHA256_Texto_Padre,Fecha,IDs_Antes,Actores_Antes,ID_Actual,Actor_Actual,Fuente_Actor,Texto_Actual
644,4d0ec7f0ca45ca994334bb8094622dd350fe8225fe1958d6d7d6120f2f008c73,2006-04-13,846;847;848;849;850;851;852;853,Vittorio Corbo Lioi;Consejo del Banco Central de Chile;Vittorio Corbo Lioi;Klaus Schmidt-Hebbel Dunker;Manuel Marfán Lewis;Klaus Schmidt-Hebbel Dunker;Manuel Marfán Lewis;Klaus Schmidt-Hebbel Dunker,846,Vittorio Corbo Lioi,SUJETO_ROL_NOMBRE,"El Presidente, señor Vittorio Corbo, suspende la Sesión a las 12:55 horas e informa que la misma se reanudará a las 16:00 horas."
644,4d0ec7f0ca45ca994334bb8094622dd350fe8225fe1958d6d7d6120f2f008c73,2006-04-13,846;847;848;849;850;851;852;853,Vittorio Corbo Lioi;Consejo del Banco Central de Chile;Vittorio Corbo Lioi;Klaus Schmidt-Hebbel Dunker;Manuel Marfán Lewis;Klaus Schmidt-Hebbel Dunker;Manuel Marfán Lewis;Klaus Schmidt-Hebbel Dunker,847,Consejo del Banco Central de Chile,ACTA/META,"Siendo las 16:00 horas, se reanuda la Sesión de Política Monetaria N° 91. No se encuentra presente en la Sala, la Secretaria Ejecutiva de la Presidencia señora Cecilia Feliú Carrizo."
644,4d0ec7f0ca45ca994334bb8094622dd350fe8225fe1958d6d7d6120f2f008c73,2006-04-13,846;847;848;849;850;851;852;853,Vittorio Corbo Lioi;Consejo del Banco Central de Chile;Vittorio Corbo Lioi;Klaus Schmidt-Hebbel Dunker;Manuel Marfán Lewis;Klaus Schmidt-Hebbel Dunker;Manuel Marfán Lewis;Klaus Schmidt-Hebbel Dunker,848,Vittorio Corbo Lioi,SUJETO_ROL_NOMBRE,"A continuación, el Presidente, don Vittorio Corbo, solicita al Gerente de División Estudios, don Rodrigo Valdés, que presente las Opciones de Política Monetaria."
644,4d0ec7f0ca45ca994334bb8094622dd350fe8225fe1958d6d7d6120f2f008c73,2006-04-13,846;847;848;849;850;851;852;853,Vittorio Corbo Lioi;Consejo del Banco Central de Chile;Vittorio Corbo Lioi;Klaus Schmidt-Hebbel Dunker;Manuel Marfán Lewis;Klaus Schmidt-Hebbel Dunker;Manuel Marfán Lewis;Klaus Schmidt-Hebbel Dunker,849,Rodrigo Valdés Pulido,ANAFORA_LOCAL,"El señor Gerente de División mencionado informó lo siguiente: 1. Con los antecedentes disponibles, las opciones que parecen plausibles para esta reunión son mantener o aumentar la tasa de política monetaria en 25 puntos base. 2. Las novedades no parecen suficientes para hacer cambios fundamentales al panorama macroeconómico central discutido en los últimos meses, y que justifica una normalización pausada de la tasa de política monetaria. Si algo, las novedades ratifican que no sería necesario acelerar el ritmo de normalización de la política monetaria. La mayoría de las medidas de tendencia inflacionaria y las expectativas de inflación se mantienen en torno a 3%, las pequeñas holguras que subsisten, más allá de vaivenes mensuales en las cifras de actividad, parecen estar copándose gradualmente, y la política monetaria es aún expansiva. Para mantener este cuadro de inflación y expectativas bien ancladas, y así favorecer la sostenibilidad de este ciclo expansivo, es necesario continuar retirando el estímulo monetario que persiste, lo que además es esperado por los mercados. 3. Con todo, cabe consignar que, de sostenerse en el tiempo, hay novedades que sí podrían modificar el escenario en algunas dimensiones relevantes. A este respecto, cabe notar los mayores precios del cobre, los que configuran un escenario de mayores términos de intercambio, y más persistente, de lo proyectado en meses anteriores, con efectos en el gasto del gobierno a partir de 2007 y sobre la trayectoria del tipo de cambio. Por otro lado, la actividad interna está mostrando un menor empuje del que se preveía, situación que, en todo caso, no debería sostenerse. Se destaca además el riesgo de que el precio del petróleo no descienda como se espera. 4. Se puede justificar aumentar la tasa de política monetaria en esta reunión simplemente a partir de la validación del escenario central. Un alza hoy es plenamente coherente con este escenario y es esperada por el mercado. Apoyan esta opción el que las condiciones financieras se mantienen expansivas, en un cuadro en que la tendencia inflacionaria se ubica en el centro del rango meta y las holguras no son significativas. Aunque el aumento de los CLU se suma a estos argumentos, cabe mencionar que la velocidad de incremento de estos costos entrega un cuadro más benigno del que se percibe de sus variaciones anuales. A ello se suman los temas de interpretación por cambios de metodología y cambio de composición. Se estima, por lo tanto, que la evolución de los costos laborales U 5. Por otro lado, se podría justificar mantener la tasa de política monetaria considerando el menor crecimiento que está mostrando la actividad, la reducida inflación IPCX1 y el efecto desinflacionario que debería tener el menor tipo de cambio, de mantenerse el mayor valor del peso en el tiempo. Sin embargo, hay que considerar que la evidencia apunta a que el menor empuje de la actividad no es un fenómeno de demanda, sino que más bien obedecería a shocks de oferta en sectores específicos que ocurrirían por una sola vez, por lo que sus efectos en una menor inflación no serían significativos ni perdurables. Asimismo, se estima que la menor inflación IPCX1 debería revertirse. A esto último se agrega que las medidas de inflación IPC_F han seguido aumentando. 6. Además de las consideraciones anteriores, la mantención de la tasa de política monetaria en esta oportunidad sería una sorpresa para el mercado, considerando que las expectativas son de un alza en su mayoría. Tampoco sería una acción de política fácil de explicar. Por el contrario, un aumento de 25 puntos base, al estar internalizada en la estructura de precios financieros, no debiera tener mayores efectos y sería comprendida con relativa facilidad."
644,4d0ec7f0ca45ca994334bb8094622dd350fe8225fe1958d6d7d6120f2f008c73,2006-04-13,846;847;848;849;850;851;852;853,Vittorio Corbo Lioi;Consejo del Banco Central de Chile;Vittorio Corbo Lioi;Klaus Schmidt-Hebbel Dunker;Manuel Marfán Lewis;Klaus Schmidt-Hebbel Dunker;Manuel Marfán Lewis;Klaus Schmidt-Hebbel Dunker,850,Vittorio Corbo Lioi,SUJETO_ROL_NOMBRE,"El Presidente señor Vittorio Corbo, ofrece la palabra a los asistentes para comentarios."
644,4d0ec7f0ca45ca994334bb8094622dd350fe8225fe1958d6d7d6120f2f008c73,2006-04-13,846;847;848;849;850;851;852;853,Vittorio Corbo Lioi;Consejo del Banco Central de Chile;Vittorio Corbo Lioi;Klaus Schmidt-Hebbel Dunker;Manuel Marfán Lewis;Klaus Schmidt-Hebbel Dunker;Manuel Marfán Lewis;Klaus Schmidt-Hebbel Dunker,851,Klaus Schmidt-Hebbel Dunker,SUJETO_ROL_NOMBRE,"El señor Gerente de Investigación Económica, señor Klaus Schmidt-Hebbel Dunker, señala que las novedades del mes se concentran intensamente en las condiciones externas que enfrenta la economía chilena y, en particular, en los precios de los commodities. Indica que con este shock, se corrige en 14,4 puntos porcentuales la proyección de los términos de intercambio promedio para el año 2006 y, con toda seguridad, en alguna medida las proyecciones de mediano plazo para los años siguientes. Agrega, asimismo, que este shock de términos de intercambio se debe a un incremento de unos UScts 40 por libra de cobre y unos US$ 4 por barril del petróleo, que llevan, en forma combinada, a unos 2 puntos base del PIB de mayor ingreso (y ahorro) fiscal y, aproximadamente 0,7% de aumento en el ingreso privado disponible en el año 2006. También hace presente el señor Gerente de Investigación Económica, que en las condiciones internas no hay novedades de la magnitud de las externas, y tienden a ser de signo contrario. Por una parte, el crecimiento del primer trimestre es más débil de lo esperado, poniéndose en duda la proyección de crecimiento inicial para el año. Por otra parte, señala que el crecimiento del empleo y de la fuerza de trabajo sigue a ritmo más elevado de lo anticipado. Agrega, el señor Schmidt-Hebbel, que el escenario base involucra, en su opinión, dos escenarios de riesgo importantes. El primero, es de un mayor crecimiento que el que se está proyectando actualmente (eventual escenario IPoM) para 2006 y, para 2007, que supone una aproximación asintótica, desde abajo, del PIB efectivo al PIB potencial. Estima que, a la luz de la experiencia internacional, es altamente improbable esta convergencia asintótica. En las actuales y muy excepcionales condiciones externas e internas que benefician a la economía chilena, la experiencia mundial sugiere que el crecimiento mayor al potencial seguiría todavía por un buen tiempo, llevando al producto a niveles por encima del potencial y a la tasa de desempleo por debajo de su nivel natural, estimado en 8% para Chile. Señala el señor Schmidt-Hebbel que son muy excepcionales las experiencias internacionales de países maduros que, en condiciones internacionales tan prósperas como las nuestras en la actualidad, logran evitar la correspondiente fase holgada de sus ciclos económicos. Menciona el señor Gerente de Investigación Económica, que el segundo riesgo al cual se enfrenta la economía chilena es de una significativa apreciación nominal y real adicional, empujando el valor del dólar bastante por debajo de los actuales $513 por dólar. Ello"
644,4d0ec7f0ca45ca994334bb8094622dd350fe8225fe1958d6d7d6120f2f008c73,2006-04-13,846;847;848;849;850;851;852;853,Vittorio Corbo Lioi;Consejo del Banco Central de Chile;Vittorio Corbo Lioi;Klaus Schmidt-Hebbel Dunker;Manuel Marfán Lewis;Klaus Schmidt-Hebbel Dunker;Manuel Marfán Lewis;Klaus Schmidt-Hebbel Dunker,852,Manuel Marfán Lewis,CONTEXTO_REVISADO,"Consulta el Consejero señor Marfán, por qué una combinación de aumento de precio del cobre y del precio del petróleo, significa un mejor ingreso disponible privado."
644,4d0ec7f0ca45ca994334bb8094622dd350fe8225fe1958d6d7d6120f2f008c73,2006-04-13,846;847;848;849;850;851;852;853,Vittorio Corbo Lioi;Consejo del Banco Central de Chile;Vittorio Corbo Lioi;Klaus Schmidt-Hebbel Dunker;Manuel Marfán Lewis;Klaus Schmidt-Hebbel Dunker;Manuel Marfán Lewis;Klaus Schmidt-Hebbel Dunker,853,Klaus Schmidt-Hebbel Dunker,SUJETO_NOMBRE,"El señor Schmidt-Hebbel, responde al señor Consejero, que el aumento del ingreso disponible privado se basa en estimaciones presentadas en una minuta de la División Estudios de hace dos semanas atrás, que mide el impacto de alzas en el precio del cobre y del petróleo sobre el ingreso disponible privado."
644,4d0ec7f0ca45ca994334bb8094622dd350fe8225fe1958d6d7d6120f2f008c73,2006-04-13,846;847;848;849;850;851;852;853,Vittorio Corbo Lioi;Consejo del Banco Central de Chile;Vittorio Corbo Lioi;Klaus Schmidt-Hebbel Dunker;Manuel Marfán Lewis;Klaus Schmidt-Hebbel Dunker;Manuel Marfán Lewis;Klaus Schmidt-Hebbel Dunker,854,Manuel Marfán Lewis,SUJETO_ROL_NOMBRE,"El Consejero señor Marfán, en relación a lo anterior, consulta la razón por la cual los privados ganan con el aumento del precio del cobre."
644,4d0ec7f0ca45ca994334bb8094622dd350fe8225fe1958d6d7d6120f2f008c73,2006-04-13,846;847;848;849;850;851;852;853,Vittorio Corbo Lioi;Consejo del Banco Central de Chile;Vittorio Corbo Lioi;Klaus Schmidt-Hebbel Dunker;Manuel Marfán Lewis;Klaus Schmidt-Hebbel Dunker;Manuel Marfán Lewis;Klaus Schmidt-Hebbel Dunker,855,Klaus Schmidt-Hebbel Dunker,SUJETO_NOMBRE,"Señala el señor Schmidt-Hebbel, que el impacto de un mayor precio del cobre sobre el producto puede verse reflejado en el impacto de los términos de intercambio, en la ecuación de producto o IS en el modelo de proyecciones del Banco Central de Chile."
644,4d0ec7f0ca45ca994334bb8094622dd350fe8225fe1958d6d7d6120f2f008c73,2006-04-13,846;847;848;849;850;851;852;853,Vittorio Corbo Lioi;Consejo del Banco Central de Chile;Vittorio Corbo Lioi;Klaus Schmidt-Hebbel Dunker;Manuel Marfán Lewis;Klaus Schmidt-Hebbel Dunker;Manuel Marfán Lewis;Klaus Schmidt-Hebbel Dunker,856,Manuel Marfán Lewis,SUJETO_NOMBRE,Agrega el señor Marfán que ello se refiere a empresas extranjeras.
644,4d0ec7f0ca45ca994334bb8094622dd350fe8225fe1958d6d7d6120f2f008c73,2006-04-13,846;847;848;849;850;851;852;853,Vittorio Corbo Lioi;Consejo del Banco Central de Chile;Vittorio Corbo Lioi;Klaus Schmidt-Hebbel Dunker;Manuel Marfán Lewis;Klaus Schmidt-Hebbel Dunker;Manuel Marfán Lewis;Klaus Schmidt-Hebbel Dunker,857,Klaus Schmidt-Hebbel Dunker,SUJETO_NOMBRE,"El señor Schmidt-Hebbel, indica que existen dueños chilenos de una empresa privada grande de cobre y, además, los productores privados pequeños y medianos de cobre. El cálculo presentado para el ingreso privado disponible, precisamente, refleja las ganancias en ingreso de los privados nacionales, una vez que se descuenta de los mayores ingresos domésticos o geográficos, lo correspondiente a los mayores ingresos del Estado y de aquéllos repatriados como dividendos al exterior de los dueños extranjeros de la gran minería del cobre."
664,5f08e3e94c1cf7b833c59ccac25bcd8879a94e3fecdfbd7140aedb258ced277d,2006-05-11,891;892;893;894,Vittorio Corbo Lioi;Andrés Velasco Brañes;Consejo del Banco Central de Chile;Vittorio Corbo Lioi,895,Vittorio Corbo Lioi,SUJETO_ROL_NOMBRE,"El Presidente señor Vittorio Corbo señala, sobre el mismo tema, que si se observa desde el año 1992 al 2002, nunca hubo un tipo de cambio de 620 - 640, con las paridades de hoy."
664,5f08e3e94c1cf7b833c59ccac25bcd8879a94e3fecdfbd7140aedb258ced277d,2006-05-11,891;892;893;894,Vittorio Corbo Lioi;Andrés Velasco Brañes;Consejo del Banco Central de Chile;Vittorio Corbo Lioi,896,Andrés Velasco Brañes,SUJETO_ROL_NOMBRE,"Finalmente, el señor Ministro de Hacienda, señor Andrés Velasco, en relación a lo informado por el señor Gerente de Análisis Macroeconómico en cuanto a la baja de trayectoria de crecimiento, contenido en el resumen del iPoM, le parece que no solamente la"
664,5f08e3e94c1cf7b833c59ccac25bcd8879a94e3fecdfbd7140aedb258ced277d,2006-05-11,891;892;893;894,Vittorio Corbo Lioi;Andrés Velasco Brañes;Consejo del Banco Central de Chile;Vittorio Corbo Lioi,897,Vittorio Corbo Lioi,CONTEXTO_REVISADO,"El Presidente, señor Vittorio Corbo, suspende la Sesión a las 13:20 horas e informa que la misma se reanudará a las 16:00 horas."
664,5f08e3e94c1cf7b833c59ccac25bcd8879a94e3fecdfbd7140aedb258ced277d,2006-05-11,891;892;893;894,Vittorio Corbo Lioi;Andrés Velasco Brañes;Consejo del Banco Central de Chile;Vittorio Corbo Lioi,898,Consejo del Banco Central de Chile,ACTA/META,"Siendo las 16:00 horas, se reanuda la Sesión de Política Monetaria N° 92."
664,5f08e3e94c1cf7b833c59ccac25bcd8879a94e3fecdfbd7140aedb258ced277d,2006-05-11,891;892;893;894,Vittorio Corbo Lioi;Andrés Velasco Brañes;Consejo del Banco Central de Chile;Vittorio Corbo Lioi,899,Vittorio Corbo Lioi,SUJETO_ROL_NOMBRE,"A continuación, el Presidente, don Vittorio Corbo, solicita al Gerente de División Estudios, don Rodrigo Valdés, que presente las Opciones de Política Monetaria."
664,5f08e3e94c1cf7b833c59ccac25bcd8879a94e3fecdfbd7140aedb258ced277d,2006-05-11,891;892;893;894,Vittorio Corbo Lioi;Andrés Velasco Brañes;Consejo del Banco Central de Chile;Vittorio Corbo Lioi,900,Rodrigo Valdés Pulido,ANAFORA_LOCAL,"El señor Gerente de División mencionado informó lo siguiente: En la reunión de política monetaria de abril, el Consejo decidió aumentar la tasa de interés de política monetaria hasta 5% anual, luego de haberla aumentado en febrero y mantenido en marzo. En la decisión se consideró que la inflación continuaba con una trayectoria similar a la esperada en el último Informe de Política Monetaria, el entorno externo relevante para la economía chilena era muy favorable, el empleo crecía a tasas elevadas y las condiciones financieras continuaban expansivas. Se consignó que la actividad habría crecido algo menos que lo esperado en el primer trimestre, influida por el bajo desempeño circunstancial de algunos sectores. Con la excepción del sorprendente aumento del precio del cobre, el desempeño macroeconómico se mantiene en línea con lo analizado en la última reunión. Las novedades más importantes son las siguientes: • El precio del cobre ha seguido aumentando muy por encima de lo proyectado, ubicándose sobre US$ 3,5 por libra en lo más reciente. Se prevé que los términos de intercambio, en vez de disminuir 4,4% durante este año (escenario IPoM anterior), aumentarán casi 13%. El panorama de crecimiento mundial se mantiene muy favorable. • En el país, la información disponible continúa validando que el crecimiento del PIB en 2006, será más débil que en trimestres anteriores, en torno a su tendencia y con una disminución de su velocidad de expansión. Se espera que esta desaceleración se revierta en 2006, aunque el crecimiento anual continuaría moderado durante este trimestre. Las últimas cifras muestran que la demanda interna continúa en un proceso de desaceleración, desde los elevados niveles alcanzados a fines del año pasado. • En el mercado laboral, ha seguido el dinamismo del empleo identificado en los últimos meses y que se corrobora en distintas fuentes. La mayor participación laboral, sin embargo, mantiene un leve aumento en el desempleo desestacionalizado, fenómeno que puede estar influido por el cambio de muestras de la encuesta de empleo. La tasa de crecimiento anual de los costos laborales unitarios continúa incrementándose, pero con una velocidad decreciente y bastante volátil y salarios cuyo crecimiento anual sigue disminuyendo. En lo fundamental, son las caídas de las medidas de productividad las que explican el aumento de los CLU. n - 1-1 • La expansividad de las condiciones financieras se ha atenuado en el margen por el aumento de las tasas de interés de mediano y largo plazo, que ha sido más marcado para los instrumentos reajustables. La tasa de crecimiento anual del crédito y de los agregados monetarios se mantiene elevada, la velocidad de expansión del dinero sigue baja y la del crédito no muestra una aceleración adicional. • La paridad peso/dólar está en niveles similares a los de la última reunión, pero en términos multilaterales el peso ha tenido una depreciación cercana a 2%. En términos reales se ubica levemente por debajo de las distintas estimaciones de TCR de largo plazo. • La inflación del IPC se ubicó en marzo algo por encima de lo esperado el mes anterior, fundamentalmente por la incidencia de ítems específicos como las contribuciones de bienes raíces. El IPCX1, en cambio, se ha mantenido en línea con las estimaciones. 3. Las proyecciones preparadas para el Informe de Política Monetaria de mayo consideran que, en el escenario más probable, la actividad crecerá este año y el próximo algo más que el PIB de tendencia. Las holguras de capacidad se coparían este año, mientras el próximo registraría una pequeña brecha positiva. A su vez, la inflación subyacente IPCX1 mostrará un leve aumento durante los próximos dos años, mientras la inflación del IPC disminuirá hacia el centro del rango meta, ayudada por la baja esperada del precio de los combustibles, con algunos vaivenes que reflejarían el efecto de bases de comparación. Todo esto ocurriría bajo el supuesto de normalización gradual de la política monetaria y de las condiciones externas, así como de una depreciación moderada del peso en términos reales. En concreto, se proyecta un crecimiento del PIB de 5,5% para el 2006 y de 6,2% el 2007, y una inflación promedio de 3,5% el 2006 y de 3,1% el 2007. A 12 y 24 meses la inflación se proyecta en 3%. Coherente con este escenario está el supuesto de que la tasa de interés de política monetaria aumentaría en los próximos trimestres a un ritmo similar al implícito durante las últimas dos semanas en los instrumentos financieros, eso es, en alrededor de 75 puntos base de aquí a fin de año. 4. Con los antecedentes disponibles, las opciones que parecen plausibles para esta reunión son mantener la TPM o aumentarla en 25 puntos base. 5. De acuerdo con el escenario central delineado, para mantener la inflación en torno a 3% es necesario continuar aumentando pausadamente la tasa de interés, y así reducir el sesgo expansivo que aún mantiene la política monetaria. Esto puede implementarse aumentando la TPM tanto en esta reunión como en las siguientes. 6. Se puede justificar la mantención en esta oportunidad considerando, primero, que el escenario central permite varias pausas durante este año, sin comprometer la alineación de la inflación proyectada con el centro del rango meta. Aunque, como se analiza luego, la evaluación de algunos riesgos podría respaldar la idea de adelantar ajustes, el escenario central no requiere de una gran velocidad de ajustes. Este escenario refleja que las alzas de la TPM de los últimos trimestres han atenuado la expansividad de la política monetaria, y que la demanda interna se está desacelerando de manera relativamente ordenada. 7. Existen otras razones para justificar la mantención de la TPM a partir de la información acumulada desde la última RPM. En efecto, se ha reafirmado el escenario de crecimiento moderado para la primera mitad de este año y la tendencia inflacionaria, medida por el IPCX1 y otros indicadores, así como por las expectativas de inflación, que se comportan de manera apropiada. Además, desde el punto de vista de los costos, la persistencia que 8. La opción de aumentar la TPM en esta oportunidad se podría justificar si se evalúa que la combinación de escenarios alternativos que se enfrentan, junto al sesgo expansivo que mantiene la política monetaria, implique que adelantar la decisión reduce los riesgos de tener que realizar ajustes abruptos a futuro, es decir, sea un seguro. Entre otros factores, apoyan esta evaluación los riesgos de que el mayor precio del cobre genere un crecimiento excesivo de la demanda interna (v.gr., a través de la política fiscal), de que las condiciones crediticias empujen el gasto más allá de lo contemplado en las proyecciones, y de que el mayor precio del petróleo, o las posibilidades de que no disminuya como se presupuesta, impulsen una mayor inflación o un comportamiento menos benigno de las expectativas. Sin embargo, también hay riesgos en el sentido contrario. Por ejemplo, una caída sustancial del precio del cobre luego de las alzas recientes, las que han ocurrido sin una contrapartida evidente en los fundamentos, o que la apreciación del peso sea más persistente que lo que supone el escenario base. Adicionalmente, se estima que ninguno de estos riesgos parece apremiante, en el sentido de que hay tiempo para verificar cómo se desenvuelven para evaluar acciones de política. 9. Finalmente, desde el punto de vista táctico, a favor de la opción de mantener está el hecho de que en la decisión de la reunión anterior se comunicó que se continuaba con una trayectoria de ajustes graduales de la TPM, en particular que ajustes pausados de la tasa de interés siguen siendo necesarios, pero su oportunidad dependerá de las implicancias de las noticias que ante un cuadro en que, aparte del precio del cobre, no hay grandes novedades, un alza podría dar cuenta de que el Consejo está cambiando su evaluación respecto de la marcha de la economía. Más aún, para los analistas y el mercado, una de las grandes novedades del mes fueron las cifras más reducidas del primer trimestre, que están recién procesando e internalizando y que, si algo, apuntarían hacia una trayectoria más pausada. De hecho, la expectativa mayoritaria para esta reunión es de mantención. Un alza, por lo tanto, sería una sorpresa difícil de explicar y cuyos efectos podrían ser significativos en los precios financieros."
664,5f08e3e94c1cf7b833c59ccac25bcd8879a94e3fecdfbd7140aedb258ced277d,2006-05-11,891;892;893;894,Vittorio Corbo Lioi;Andrés Velasco Brañes;Consejo del Banco Central de Chile;Vittorio Corbo Lioi,901,Vittorio Corbo Lioi,SUJETO_ROL_NOMBRE,"El Presidente señor Vittorio Corbo, ofrece la palabra a los asistentes para comentarios."
727,bd50b967cae2dde601931f5df0eac5638ddfd6bec2cdea185dae705309046d4d,2006-06-15,959;960;961,Vittorio Corbo Lioi;Consejo del Banco Central de Chile;Vittorio Corbo Lioi,966,Vittorio Corbo Lioi,SUJETO_ROL_SESION,"Al respecto, el señor Presidente hace presente que se tomó nota de lo solicitado
por el Consejero señor Manuel Marfán y encarga que se estudie el tema.
El Presidente, señor Vittorio Corbo, suspende la Sesión a las 13:15 horas e
informa que la misma se reanudará a las 16:00 horas."
727,bd50b967cae2dde601931f5df0eac5638ddfd6bec2cdea185dae705309046d4d,2006-06-15,959;960;961,Vittorio Corbo Lioi;Consejo del Banco Central de Chile;Vittorio Corbo Lioi,967,Consejo del Banco Central de Chile,ACTA/META,"Siendo las 16:15 horas, se reanuda la Sesión de Política Monetaria N° 94.
Se integra a la Sesión de Política Monetaria, el Ministro de Hacienda señor
Andrés Velasco Srañes."
727,bd50b967cae2dde601931f5df0eac5638ddfd6bec2cdea185dae705309046d4d,2006-06-15,959;960;961,Vittorio Corbo Lioi;Consejo del Banco Central de Chile;Vittorio Corbo Lioi,968,Vittorio Corbo Lioi,SUJETO_ROL_NOMBRE,"A continuación, el Presidente, don Vittorio Corbo, solicita al Gerente de División
Estudios, don Rodrigo Valdés, que presente las Opciones de Política Monetaria."
727,bd50b967cae2dde601931f5df0eac5638ddfd6bec2cdea185dae705309046d4d,2006-06-15,959;960;961,Vittorio Corbo Lioi;Consejo del Banco Central de Chile;Vittorio Corbo Lioi,969,Rodrigo Valdés Pulido,ANAFORA_LOCAL,El señor Gerente de División mencionado informó lo siguiente:
770,2f9a853d5b516583af1afa0664630b0a3410c6d0e0c0753ba120c2385d233e73,2006-07-13,1027;1028;1029;1030,Vittorio Corbo Lioi;Consejo del Banco Central de Chile;Vittorio Corbo Lioi;Rodrigo Valdés Pulido,1035,Vittorio Corbo Lioi,SUJETO_ROL_NOMBRE,"El Presidente, señor Vittorio Corbo, suspende la Sesión a las 13:15 horas e informa que la misma se reanudará a las 16:00 horas."
770,2f9a853d5b516583af1afa0664630b0a3410c6d0e0c0753ba120c2385d233e73,2006-07-13,1027;1028;1029;1030,Vittorio Corbo Lioi;Consejo del Banco Central de Chile;Vittorio Corbo Lioi;Rodrigo Valdés Pulido,1036,Consejo del Banco Central de Chile,ACTA/META,"Siendo las 16:00 horas, se reanuda la Sesión de Política Monetaria N° 95."
770,2f9a853d5b516583af1afa0664630b0a3410c6d0e0c0753ba120c2385d233e73,2006-07-13,1027;1028;1029;1030,Vittorio Corbo Lioi;Consejo del Banco Central de Chile;Vittorio Corbo Lioi;Rodrigo Valdés Pulido,1037,Vittorio Corbo Lioi,SUJETO_ROL_NOMBRE,"A continuación, el Presidente, don Vittorio Corbo, solicita al Gerente de División Estudios, don Rodrigo Valdés, que presente las Opciones de Política Monetaria."
770,2f9a853d5b516583af1afa0664630b0a3410c6d0e0c0753ba120c2385d233e73,2006-07-13,1027;1028;1029;1030,Vittorio Corbo Lioi;Consejo del Banco Central de Chile;Vittorio Corbo Lioi;Rodrigo Valdés Pulido,1038,Rodrigo Valdés Pulido,ANAFORA_LOCAL,"El señor Gerente de División mencionado informó lo siguiente: En la reunión de política monetaria de junio, el Consejo decidió mantener la tasa de interés de política monetaria en 5% anual por segundo mes consecutivo. En la decisión se consideró que la inflación y la demanda interna seguían con una trayectoria dentro de lo previsto en el último IPoM, pero el crecimiento de la actividad era menor de lo esperado, probablemente por factores no persistentes. Además, las condiciones financieras internas eran algo menos expansivas que en meses anteriores, y las condiciones financieras que enfrentaban las economías emergentes se habían tornado menos ventajosas. Señala el señor Gerente de División Estudios que, desde la última reunión, las principales novedades son las siguientes: • La volatilidad en los mercados financieros internacionales se redujo significativamente y las condiciones financieras que enfrentan las economías emergentes no continuaron deteriorándose, y se mantienen ventajosas. • A pesar del menor crecimiento que muestra Estados Unidos de América en línea con lo esperado, el escenario de crecimiento mundial se mantiene robusto. En tanto, los precios del cobre y del petróleo han vuelto a aumentar, lo que lleva a modificar al alza sus proyecciones para los próximos meses. • En el último mes no continuó la reducción en el grado de expansividad de las condiciones financieras observado en los meses previos. Ello se advierte en las tasas de interés reajustables de documentos del Banco Central de Chile y en la evolución de los agregados monetarios y del crédito. • El peso mostró una leve apreciación respecto del dólar y se mantuvo prácticamente estable en términos multilaterales. Con ello, el TCR se ubica en torno a 93,5%. • El crecimiento de la actividad de mayo mostró una importante recuperación, confirmando la evaluación de que la debilidad de abril fue mayormente transitoria. Sin embargo, las proyecciones sectoriales para el tercer trimestre apuntan a que el empuje de la actividad sería algo menor a lo proyectado en el IPoM. La demanda interna se estaría desacelerando dentro de lo previsto en el segundo trimestre, pero la inversión nuevamente se ve más débil que lo anticipado. • El crecimiento anua! de los salarios no ha mostrado cambios mayores, manteniendo un comportamiento favorable para la estabilidad de precios. Los cambios metodológicos siguen dificultando la evaluación del mercado laboral, pero un primer empalme muestra cierta disminución en la tasa de crecimiento del empleo desde fines del • La inflación del IPC de junio se ubicó dentro de lo esperado (3,9%), mientras el IPCX1 volvió a estar marginalmente por debajo. El panorama de corto plazo para la inflación subyacente IPCX1 se mantiene como en el IPoM de mayo, pero el aumento del precio del petróleo lleva a una proyección de inflación de más de medio punto por encima en el plazo de 6 meses. Otras medidas de tendencia inflacionaria no muestran un sesgo particular y las expectativas se mantienen bien ancladas. Agrega el señor Valdés que, con los antecedentes disponibles, las opciones que parecen más plausibles para esta reunión son mantener la tasa de política monetaria o aumentarla en 25 puntos base. Asimismo, indica que respecto de lo que se veía en la reunión anterior, los antecedentes disponibles dan cuenta de un escenario macroeconómico para el segundo trimestre más acorde con el delineado en el último IPoM. En particular, los mejores indicadores de actividad de mayo, que apuntan a que el bajón que mostró la actividad en abril habría sido transitorio en su mayor parte, el buen crecimiento que muestra el componente resto de la demanda interna y la disminución de la volatilidad financiera externa, dan cuenta de un panorama coherente con continuar la estrategia de normalización gradual de la política monetaria. Considerando que las holguras disponibles serían escasas, que se espera un mayor impulso fiscal el próximo año, que distintas medidas de la tendencia inflacionaria ya se ubican en torno a 3% y que las condiciones financieras son aún expansivas, con una tasa de política monetaria por debajo de distintas estimaciones de neutralidad, sigue siendo necesario normalizar la política monetaria para que la inflación efectivamente se ubique en torno a 3% de manera sostenible. Además de validar la estrategia de normalización pausada, se podría justificar la oportunidad de un alza en esta reunión por algunas de las novedades del mes. En opinión del señor Valdés, en primer lugar, el mayor precio del petróleo lleva a proyectar un escenario de inflación IPC para los próximos meses bastante más alto que el contemplado en el escenario base del IPoM y de las expectativas que hoy maneja el mercado, y que incluso supera el 4% a fin de año. Si bien este es un shock de precios de efecto contractivo, y por una sola vez, es necesario cautelar sus posibles efectos de segunda vuelta, con el riesgo de que éstos sean más significativos dado que las holguras no son amplias. Si se juzga necesaria una reacción de política por este concepto, una interrogante táctica no resuelta es si debería ajustarse la tasa de política monetaria antes o después de que el mercado/analistas/público internalice este shock. A este shock de precios se suman los efectos de la depreciación del peso. El TCR (spot) se ubica en niveles comparables a los observados en la reunión anterior y por encima del escenario base del IPoM. Su efecto directo en inflación sería de cerca de un cuarto de punto de inflación adicional en el horizonte de dos años. En segundo lugar, la expansividad de las condiciones financieras internas no ha continuado disminuyendo. Incluso, dependiendo de cómo se ponderen distintos factores, se podría argumentar que ha aumentado. Ello es especialmente notorio en las tasas de interés reajustables de largo plazo, en el MI y en algunos componentes del crédito. Señala el señor Valdés que, por otro lado, también hay novedades que podrían justificar mantener la tasa de política monetaria en esta oportunidad. Cada una tomada por separado, no es especialmente informativa, pero en conjunto podrían validar la hipótesis de que las holguras son en la actualidad algo mayores y/o su copamiento podría progresar algo Además, hace presente el señor Gerente de División Estudios, que una consideración adicional que eventualmente podría apoyar la opción de otra pausa es la incertidumbre que se enfrenta respecto de cuán expansiva es en realidad la política monetaria y cómo se absorben en la economía las alzas de los últimos trimestres. Como se sabe, este tipo de interrogante es más difícil en la medida en que el estímulo de la política monetaria es menor. Considerando el adecuado comportamiento de las expectativas de inflación y de los salarios, existiría algún espacio para esperar que se acumule más información que permita continuar precisando este diagnóstico. Por último, señala el señor Valdés, la expectativa mayoritaria para esta reunión es de un aumento de la tasa de política monetaria, por lo que un alza debería ser absorbida sin mayores sobresaltos. Una mantención, en cambio, dado que la inflación reciente ha sido leída por los mercados como sorpresivamente alta, sería más difícil de explicar y tendría mayores efectos en los precios financieros. Adicionalmente, cabe analizar si conviene o no cambiar el sesgo implícito que contiene el comunicado. En la medida en que se estime que los antecedentes de una eventual debilidad cíclica o mayores holguras tienen peso, podría convenir suavizar algo ese sesgo, especialmente si se opta por un alza en la tasa de política monetaria. comentarios."
1904,66478e0a23cc34e2501610e55e243605202fc7b4e5f43e778523e3c4c244a174,2008-06-10,2589,Beltrán de Ramón Acevedo,2597,Beltrán de Ramón Acevedo,SUJETO_ROL_NOMBRE,"El Gerente de Mercados Financieros Nacionales señor Beltrán De Ramón manifiesta que desde la Reunión de Política Monetaria anterior, se han tenido las siguientes noticias inesperadas que han cambiado el panorama inflacionario que se enfrenta: a) La inflación proyectada por el Banco Central de Chile a diciembre pasó de 4,7% (IPoM) a 6,2% (Reunión de Política Monetaria de junio), esto es, 150 puntos base en menos de un mes. Los factores detrás de este aumento fueron ampliamente debatidos en la Reunión de la mañana. Sin embargo, consigna que la sorpresa en el IPC de mayo representa sólo un tercio de este aumento. b) Las expectativas de inflación medidas en encuestas y las compensaciones inflacionarias de los distintos instrumentos han subido significativamente, destacando que estas últimas han aumentado en aproximadamente 70 puntos base para los próximos doce meses y 85 puntos base para los siguientes doce meses. Si bien se sabe que estas compensaciones tienen premios, le parece que es ilustrativo observar que la proyección de inflación del mercado a diciembre está en 6,5%, no muy distinto a lo reportado por la Gerencia de División Estudios. Manifiesta el señor Gerente que por el lado de la actividad y salarios, no se observan elementos significativamente distintos a lo proyectado anteriormente. Señala que el conjunto de antecedentes anteriores, materializa un escenario de riesgos que es distinto al proyectado en el IPoM, el cual al mismo tiempo aleja al Banco Central de Chile del pronóstico de que la inflación va a converger al rango de meta a mediados del año 2009. El riesgo mayor, y es lo que se debe evitar, es que los aumentos de precios se hagan más persistentes y que los agentes se acostumbren a tener inflaciones altas por más de dos años, considerando que subió del 4% hace casi un año (julio 2007) y que en el mejor escenario en algo menos de un año más volvería a 4%. Este acostumbramiento, podría hacer que incluso la vuelta al rango meta se postergue hasta fines del año 2009, configurando dos años y medio de inflaciones por sobre el 4%. Con estos antecedentes, el Gerente señor De Ramón recomienda al Consejo un aumento de 50 puntos base en la Tasa de Política Monetaria en esta Reunión. Indica que un aumento de 25 puntos base sería visto como una respuesta inadecuada a un shock de inflación de magnitud y a expectativas de inflación que han subido significativamente y un aumento de 50 puntos base, hasta 6,75%, si bien es inesperado, está incorporado en la curva swap para los próximos dos o tres meses. Señala que si bien un aumento mayor a 50 puntos base debe eliminarse, para no distorsionar significativamente los precios, considera que no debe descartarse para nada realizar otros aumentos adicionales en los próximos meses, considerando que una sorpresa de 150 puntos base para el año 2008, como está considerado en el escenario de proyecciones de esta Reunión de Política Monetaria, es altamente probable si se cumple la proyección de la Gerencia de División Estudios y de los seguros de inflación. ■J"
1904,66478e0a23cc34e2501610e55e243605202fc7b4e5f43e778523e3c4c244a174,2008-06-10,2589,Beltrán de Ramón Acevedo,2598,Kevin Cowan Logan,CONTEXTO_REVISADO,"El Gerente de División Política l\/lonetaria señor Kevin Cowan señala que cree que las principales noticias desde la última Reunión de Política Monetaria son tres. En primer lugar, shocks a niveles de precios con potenciales impactos de segunda vuelta sobre la inflación, en particular el alza significativa que se ha observado en el precio internacional del petróleo spot y el registro de inflación para mayo significativamente más alta a la esperada en la Reunión de Política Monetaria anterior y por el mercado. En segundo lugar, shocks a la tasa de crecimiento esperada de precios externos claves, entre los cuales se incluye el alza en la inflación esperada para el petróleo en los próximos meses, y alzas en las tasas de inflación efectivas y esperadas en economías desarrolladas, en particular en los índices de precios productor que son intensivos en bienes transables y por lo tanto, una mejor medida en los precios externos relevantes para Chile. En tercer lugar, las alzas en las expectativas de inflación que mencionaba el señor Gerente de División Operaciones Financieras, en especial la expectativa de uno en uno, recogidas por las encuestas múltiples que realiza el Banco Central de Chile y los agentes. Indica que esos tres conjuntos de noticias sugieren un alza en la Tasa de Política Monetaria, tal como se discute en la Minuta de Opciones."
2460,4e2475eaef595c97b069a440d2fd0250ddb3d7b0d6fda62a8441cd81526f01f7,2009-04-09,3388;3389,José De Gregorio Rebeco;Pablo García Silva,3397,José De Gregorio Rebeco,SUJETO_ROL_NOMBRE,"El Presidente señor José De Gregorio agradece la presentación del Gerente de Análisis Internacional señor Sergio Lehmann y a continuación solicita al Gerente Análisis Macroeconómico señor Claudio Soto, que presente la parte nacional."
2460,4e2475eaef595c97b069a440d2fd0250ddb3d7b0d6fda62a8441cd81526f01f7,2009-04-09,3388;3389,José De Gregorio Rebeco;Pablo García Silva,3398,Claudio Soto Gamboa,SUJETO_ROL_SESION,"El señor Gerente Análisis Macroeconómico se refiere, en primer lugar, al dato del IMACEC que fue -3,9%, y explica que respecto de dicha cifra en parte incidieron los días hábiles y la comparación con un año bisiesto. Agrega que considerando esa explicación, en realidad el Imacec fue de -2,6%. Hace presente además, que desde hace ya de un tiempo a la fecha, el IMACEC ha estado principalmente marcado por la caída interanual del resto de los sectores más que por los sectores de recursos naturales. Indica también que, no obstante este dato, que en términos interanuales es bastante negativo, si se observa con más detalle lo que pasó en el mes con algunos sectores de oferta, se observa que habría algún sector con rebote, por lo menos en industria, por el lado de la oferta."
2460,4e2475eaef595c97b069a440d2fd0250ddb3d7b0d6fda62a8441cd81526f01f7,2009-04-09,3388;3389,José De Gregorio Rebeco;Pablo García Silva,3399,Pablo García Silva,SUJETO_ROL_NOMBRE,"Al respecto, el Gerente de la División Estudios señor Pablo García precisa que lo anterior, es por el lado de la actividad económica, y por eso que es por el lado de la oferta."
2462,3634941f3ceca78099b126ad0f0d052db9d0612eee586670cd2afab2a1e3dfe1,2009-04-09,3391;3392;3393;3394;3395;3396;3397;3398;3399;3400;3401;3402,Andrés Velasco Brañes;Claudio Soto Gamboa;Andrés Velasco Brañes;Pablo García Silva;Claudio Soto Gamboa;Pablo García Silva;Andrés Velasco Brañes;Pablo García Silva;Claudio Soto Gamboa;Andrés Velasco Brañes;Manuel Marfán Lewis;Andrés Velasco Brañes,3401,Andrés Velasco Brañes,SUJETO_ROL_NOMBRE,El Ministro de Hacienda señor Andrés Velasco consulta dónde se puede apreciar el rebote en la industria.
2462,3634941f3ceca78099b126ad0f0d052db9d0612eee586670cd2afab2a1e3dfe1,2009-04-09,3391;3392;3393;3394;3395;3396;3397;3398;3399;3400;3401;3402,Andrés Velasco Brañes;Claudio Soto Gamboa;Andrés Velasco Brañes;Pablo García Silva;Claudio Soto Gamboa;Pablo García Silva;Andrés Velasco Brañes;Pablo García Silva;Claudio Soto Gamboa;Andrés Velasco Brañes;Manuel Marfán Lewis;Andrés Velasco Brañes,3402,Claudio Soto Gamboa,SUJETO_NOMBRE,"Al respecto, el señor Claudio Soto explica que se encuentra en el IMACEC de industrias, desestacionalizado. Señala también que por componente, se puede observar en las líneas más ligadas sobre todo a inversión y también un poco en los sectores de oferta y transables. En general, agrega, las únicas líneas que están más bien planas son las correspondientes a no transables."
2462,3634941f3ceca78099b126ad0f0d052db9d0612eee586670cd2afab2a1e3dfe1,2009-04-09,3391;3392;3393;3394;3395;3396;3397;3398;3399;3400;3401;3402,Andrés Velasco Brañes;Claudio Soto Gamboa;Andrés Velasco Brañes;Pablo García Silva;Claudio Soto Gamboa;Pablo García Silva;Andrés Velasco Brañes;Pablo García Silva;Claudio Soto Gamboa;Andrés Velasco Brañes;Manuel Marfán Lewis;Andrés Velasco Brañes,3403,Andrés Velasco Brañes,SUJETO_ROL_SESION,"El señor Ministro comenta que al ser niveles desestacionalizados éstos estarían mostrando una levísima recuperación respecto al mes anterior, y que hay una fuerte caída en doce meses."
2462,3634941f3ceca78099b126ad0f0d052db9d0612eee586670cd2afab2a1e3dfe1,2009-04-09,3391;3392;3393;3394;3395;3396;3397;3398;3399;3400;3401;3402,Andrés Velasco Brañes;Claudio Soto Gamboa;Andrés Velasco Brañes;Pablo García Silva;Claudio Soto Gamboa;Pablo García Silva;Andrés Velasco Brañes;Pablo García Silva;Claudio Soto Gamboa;Andrés Velasco Brañes;Manuel Marfán Lewis;Andrés Velasco Brañes,3404,Pablo García Silva,SUJETO_ROL_SESION,"Al respecto, el señor Gerente de División Estudios precisa que hay que tener cuidado con las magnitudes, ya que el gráfico es algo engañoso. Por ello, explica, hay que tomar la escala, observando que la escala es gigante, y que si se analiza la cola, se trata de una cifra bastante grande. Señala que lo que sucede es que la caída fue fenomenal, de dos dígitos."
2462,3634941f3ceca78099b126ad0f0d052db9d0612eee586670cd2afab2a1e3dfe1,2009-04-09,3391;3392;3393;3394;3395;3396;3397;3398;3399;3400;3401;3402,Andrés Velasco Brañes;Claudio Soto Gamboa;Andrés Velasco Brañes;Pablo García Silva;Claudio Soto Gamboa;Pablo García Silva;Andrés Velasco Brañes;Pablo García Silva;Claudio Soto Gamboa;Andrés Velasco Brañes;Manuel Marfán Lewis;Andrés Velasco Brañes,3405,Claudio Soto Gamboa,CONTEXTO_REVISADO,"El Gerente Análisis Macroeconómico señor Claudio Soto señala que por el lado de la demanda, se tiene información corregida respecto de la evolución del consumo. Explica que se tiene una corrección histórica de las series de producción que se utilizan para construir el indicador coincidente de consumo, donde en realidad la dinámica que está haciendo el consumo habitual es peor de lo que teníamos previsto el mes anterior. Agrega que su evaluación respecto de cómo estaba en enero es peor y lo que se está viendo para febrero también es peor. Señala que en estos momentos, se observan variaciones interanuales para el consumo habitual cercanas a cero, y negativas para el consumo total, por lo que está pasando con el consumo de durables. Continuando con su exposición, el señor Claudio Soto señala que, respecto de las importaciones de automóviles, que es un indicador bastante adelantado de lo que ha pasado en el sector, es posible observar el desplome importante de septiembre, pero indica que este dato se empieza a revertir en el margen. Explica que hay una evaluación de que el consumo puede estar más deteriorado, sobre todo por la parte habitual, con perspectivas algo más optimistas hacia delante dado este rebote de la venta de automóviles. Sin embargo, si se observan los datos de importaciones de bienes de consumo, excluyendo autos, se ve que en el margen, éstos podrían estar incluso peor que lo que se venía viendo el mes pasado. Este dato no es un dato duro, pero señala que se ve una caída adicional respecto a lo que se venía observando para marzo."
2462,3634941f3ceca78099b126ad0f0d052db9d0612eee586670cd2afab2a1e3dfe1,2009-04-09,3391;3392;3393;3394;3395;3396;3397;3398;3399;3400;3401;3402,Andrés Velasco Brañes;Claudio Soto Gamboa;Andrés Velasco Brañes;Pablo García Silva;Claudio Soto Gamboa;Pablo García Silva;Andrés Velasco Brañes;Pablo García Silva;Claudio Soto Gamboa;Andrés Velasco Brañes;Manuel Marfán Lewis;Andrés Velasco Brañes,3406,Pablo García Silva,SUJETO_NOMBRE,"Al respecto, el señor Pablo García señala que reformar toda la caída respecto a febrero es producto de la estacionalidad considerada y al uso de deflactores. Agrega que los datos nominales están planos, después de la fuerte caída que tuvieron en el cuarto trimestre del año pasado."
2462,3634941f3ceca78099b126ad0f0d052db9d0612eee586670cd2afab2a1e3dfe1,2009-04-09,3391;3392;3393;3394;3395;3396;3397;3398;3399;3400;3401;3402,Andrés Velasco Brañes;Claudio Soto Gamboa;Andrés Velasco Brañes;Pablo García Silva;Claudio Soto Gamboa;Pablo García Silva;Andrés Velasco Brañes;Pablo García Silva;Claudio Soto Gamboa;Andrés Velasco Brañes;Manuel Marfán Lewis;Andrés Velasco Brañes,3407,Andrés Velasco Brañes,SUJETO_ROL_SESION,"El señor Ministro de Hacienda señala que cuando el consumo de durables fluctúa, uno en general se inquieta, pero no mucho porque se sabe que es relativamente volátil. Cuando el consumo habitual fluctúa, las implicancias son mucho más serias porque obviamente es más persistente, y se puede estabilizar mucho menos a lo largo del tiempo. Por lo tanto, esa calda tiene implicancias para la demanda agregada, no solamente en un mes sino que para delante. Indica que se sabe que ese componente del consumo es más persistente y más grande, y que la suma de las dos cosas, cuando se está en territorio fuertemente negativo, da una señal sobre el resto del año que, de nuevo, tiene implicancias para la demanda agregada igual que para la inflación."
2462,3634941f3ceca78099b126ad0f0d052db9d0612eee586670cd2afab2a1e3dfe1,2009-04-09,3391;3392;3393;3394;3395;3396;3397;3398;3399;3400;3401;3402,Andrés Velasco Brañes;Claudio Soto Gamboa;Andrés Velasco Brañes;Pablo García Silva;Claudio Soto Gamboa;Pablo García Silva;Andrés Velasco Brañes;Pablo García Silva;Claudio Soto Gamboa;Andrés Velasco Brañes;Manuel Marfán Lewis;Andrés Velasco Brañes,3408,Pablo García Silva,SUJETO_ROL_NOMBRE,"Al respecto, el Gerente de División Estudios señor Pablo García señala que la corrección del segundo trimestre de este año está influida, en parte, por un juicio respecto de que esta debilidad del consumo habitual continúe. En cuanto a lo que pase para el resto del año, indica que se trata de una cuestión para el IPoM, pero por lo menos para el segundo trimestre, una fracción importante de la corrección es justamente por este tema."
2462,3634941f3ceca78099b126ad0f0d052db9d0612eee586670cd2afab2a1e3dfe1,2009-04-09,3391;3392;3393;3394;3395;3396;3397;3398;3399;3400;3401;3402,Andrés Velasco Brañes;Claudio Soto Gamboa;Andrés Velasco Brañes;Pablo García Silva;Claudio Soto Gamboa;Pablo García Silva;Andrés Velasco Brañes;Pablo García Silva;Claudio Soto Gamboa;Andrés Velasco Brañes;Manuel Marfán Lewis;Andrés Velasco Brañes,3409,Claudio Soto Gamboa,SUJETO_ROL_NOMBRE,"El Gerente Análisis Macroeconómico señor Claudio Soto explica que respecto de la inversión, se tiene evidencia algo mixta, ya que si se miran las series de importaciones reales, se observa en el margen una caída bastante importante en marzo, respecto de febrero donde se había visto un cierto aplanamiento de las importaciones. Precisa que ello está considerando un deflactor y un factor de desestacionalización que se sabe que pueden cambiar en el tiempo o que van a cambiar en el tiempo. Por otra parte, el señor Claudio Soto informa que en materia de venta de viviendas, se observa un rebote importante. Lo anterior, se desprende tanto de las cifras de la Cámara Chilena como de Collect. Ambas muestran un fuerte rebote en el primer trimestre de este año, probablemente ligado en parte a las ofertas que están haciendo las inmobiliarias. En consecuencia, indica que pero por lo menos el panorama inmobiliario, en términos de venta, se ve algo más optimista en la punta. Precisa que respecto a las existencias, todavía las encuestas indican que la percepción es que están por sobre los niveles deseados. Ante la solicitud del señor Ministro de Hacienda de limpiar las viviendas sociales, el señor Claudio Soto indica que hace algún tiempo se preparó una minuta al respecto, y explicó que el problema consiste en que las viviendas sociales operan a través de subsidio y lo que levanta la Cámara Chilena son ventas, sin identificar claramente si son ventas con o sin subsidio. Es decir, hay un problema en la segregación, por lo hay que hacer algunos supuestos para poder separar."
2462,3634941f3ceca78099b126ad0f0d052db9d0612eee586670cd2afab2a1e3dfe1,2009-04-09,3391;3392;3393;3394;3395;3396;3397;3398;3399;3400;3401;3402,Andrés Velasco Brañes;Claudio Soto Gamboa;Andrés Velasco Brañes;Pablo García Silva;Claudio Soto Gamboa;Pablo García Silva;Andrés Velasco Brañes;Pablo García Silva;Claudio Soto Gamboa;Andrés Velasco Brañes;Manuel Marfán Lewis;Andrés Velasco Brañes,3410,Andrés Velasco Brañes,SUJETO_ROL_SESION,"Al respecto, el señor Ministro de Hacienda explica que hay tres categorías: (a) viviendas dinámicas sin deudas, en que no hay préstamos de ningún tipo, y el subsidio es total; (b) viviendas con subsidio parcial del 10% ó 20%, que tienden a ser las viviendas entre UF 700 UF y UF 2.000; y (c) las viviendas de más de UF 2.000 UF, que son pura demanda privada. Señala que la segunda y la tercera son sensibles al ciclo económico, pero no la primera."
2462,3634941f3ceca78099b126ad0f0d052db9d0612eee586670cd2afab2a1e3dfe1,2009-04-09,3391;3392;3393;3394;3395;3396;3397;3398;3399;3400;3401;3402,Andrés Velasco Brañes;Claudio Soto Gamboa;Andrés Velasco Brañes;Pablo García Silva;Claudio Soto Gamboa;Pablo García Silva;Andrés Velasco Brañes;Pablo García Silva;Claudio Soto Gamboa;Andrés Velasco Brañes;Manuel Marfán Lewis;Andrés Velasco Brañes,3411,Manuel Marfán Lewis,SUJETO_ROL_NOMBRE,"Por su parte, el Consejero señor Manuel Marfán señala que en el índice una vivienda de UF 10.000 pesa igual que una de UF 800."
2462,3634941f3ceca78099b126ad0f0d052db9d0612eee586670cd2afab2a1e3dfe1,2009-04-09,3391;3392;3393;3394;3395;3396;3397;3398;3399;3400;3401;3402,Andrés Velasco Brañes;Claudio Soto Gamboa;Andrés Velasco Brañes;Pablo García Silva;Claudio Soto Gamboa;Pablo García Silva;Andrés Velasco Brañes;Pablo García Silva;Claudio Soto Gamboa;Andrés Velasco Brañes;Manuel Marfán Lewis;Andrés Velasco Brañes,3412,Andrés Velasco Brañes,SUJETO_ROL_SESION,"Al respecto, el señor Ministro aclara que no sabe cuál es el precio relativo en cuanto a esas tres categorías, pero que numéricamente sospecha que la primera y la segunda son mucho más grandes que la tercera."
