ID_Padre,Fecha,IDs_Antes,Actores_Antes,ID_Actual,Actor_Actual,Fuente_Actor,Rol_Actual,Texto_Actual
1003,2006-12-14,1277;1278;1279;1280;1281;1282,Vittorio Corbo Lioi → José De Gregorio Rebeco → Rodrigo Valdés Pulido → Andrés Velasco Brañes → Vittorio Corbo Lioi → Rodrigo Valdés Pulido,1277,Vittorio Corbo Lioi,SUJETO_ROL_SESION,Presidente del Banco Central,El señor Presidente ofrece la palabra para comentarios sobre el escenario interno.
1003,2006-12-14,1277;1278;1279;1280;1281;1282,Vittorio Corbo Lioi → José De Gregorio Rebeco → Rodrigo Valdés Pulido → Andrés Velasco Brañes → Vittorio Corbo Lioi → Rodrigo Valdés Pulido,1278,José De Gregorio Rebeco,SUJETO_ROL_NOMBRE,Vicepresidente del Banco Central,"Consulta el Vicepresidente señor José De Gregorio si las proyecciones de corto plazo son consistentes con el IPoM, o mayores, o menores que éste."
1003,2006-12-14,1277;1278;1279;1280;1281;1282,Vittorio Corbo Lioi → José De Gregorio Rebeco → Rodrigo Valdés Pulido → Andrés Velasco Brañes → Vittorio Corbo Lioi → Rodrigo Valdés Pulido,1279,Igal Magendzo Weinberger,SUJETO_ROL_NOMBRE,Gerente de Análisis Macroeconómico,"El Gerente señor Madgenzo señala que para el tercer trimestre respecto al IPoM fueron menores de lo que se esperaba y que el cuarto trimestre es muy similar. Agrega que en todo caso, aún está presente el riesgo de que exista una mayor persistencia de la desaceleración recientemente observada. El Gerente señor Igal Madgenzo señala que la inflación del IPC de noviembre se ubicó en línea con lo esperado, que fue 2,1% anual. Por su parte, la inflación del IPCX1, a diferencia de lo que había ocurrido en meses anteriores, también estuvo en línea con lo esperado. Comenta también el señor Madgenzo que en los últimos meses las medidas de tendencia inflacionaria han ido hacia la baja y que en el presente mes se presenta un comportamiento mixto, esto es, hay algunas cosas que dejaron de bajar o repuntaron algo. Además, señala el señor Madgenzo que también se modifica a la baja el panorama de inflación subyacente de corto plazo por una nueva evaluación de su velocidad de convergencia esperado."
1003,2006-12-14,1277;1278;1279;1280;1281;1282,Vittorio Corbo Lioi → José De Gregorio Rebeco → Rodrigo Valdés Pulido → Andrés Velasco Brañes → Vittorio Corbo Lioi → Rodrigo Valdés Pulido,1280,José De Gregorio Rebeco,SUJETO_ROL_NOMBRE,Vicepresidente del Banco Central,"Sobre este comentario, el Vicepresidente señor De Gregorio consulta sobre lo expuesto en cuanto a que todas las tendencias inflacionarias que se tenían el mes pasado venían apuntando hacia abajo y por el otro lado, que la situación se hubiese puesto mixta, unas para abajo y otras para arriba, pero modificamos a la baja el panorama subyacente. i"
1003,2006-12-14,1277;1278;1279;1280;1281;1282,Vittorio Corbo Lioi → José De Gregorio Rebeco → Rodrigo Valdés Pulido → Andrés Velasco Brañes → Vittorio Corbo Lioi → Rodrigo Valdés Pulido,1281,Rodrigo Valdés Pulido,SUJETO_ROL_NOMBRE,Gerente de División Estudios,"El Gerente de División Estudios señor Rodrigo Valdés señala que quiere precisar, que en su opinión, no sorprende lo que pasó en este mes, amparados por la RPM anterior, pero sigue siendo cierto que la menor inflación que se ha presentado en los últimos meses no se ha revertido. Lo anterior, lleva también a revaluar la posibilidad de que el IPCX1 prontamente tome fuerza."
1003,2006-12-14,1277;1278;1279;1280;1281;1282,Vittorio Corbo Lioi → José De Gregorio Rebeco → Rodrigo Valdés Pulido → Andrés Velasco Brañes → Vittorio Corbo Lioi → Rodrigo Valdés Pulido,1282,Igal Magendzo Weinberger,SUJETO_ROL_NOMBRE,Gerente de Análisis Macroeconómico,"En materia de inversión, el Gerente señor ígal Madgenzo, señaló que las importaciones de bienes de capital siguen en cero, medidas en promedios móviles, sin embargo los últimos datos se encontrarían en cifras más positivas."
1003,2006-12-14,1277;1278;1279;1280;1281;1282,Vittorio Corbo Lioi → José De Gregorio Rebeco → Rodrigo Valdés Pulido → Andrés Velasco Brañes → Vittorio Corbo Lioi → Rodrigo Valdés Pulido,1283,Andrés Velasco Brañes,SUJETO_ROL_SESION,Ministro de Hacienda,El señor Ministro consulta qué sucedería si no se incluyera el Transantiago en los gráficos que se muestran.
1003,2006-12-14,1277;1278;1279;1280;1281;1282,Vittorio Corbo Lioi → José De Gregorio Rebeco → Rodrigo Valdés Pulido → Andrés Velasco Brañes → Vittorio Corbo Lioi → Rodrigo Valdés Pulido,1284,Igal Magendzo Weinberger,SUJETO_NOMBRE,Gerente de Análisis Macroeconómico,"El señor Madgenzo comenta que el Transantiago representa $ 120 millones de dólares. Agrega que en octubre el pick fue de $ 156 millones de dólares, en noviembre $ 68 millones de dólares y en diciembre $ 68 millones de dólares. En enero y febrero todavía había $ 40 y $ 20 millones de dólares, pero en todo caso se trata de una cifra menor. El señor Madgenzo señala que en la RPM pasada se identificó en el IPC aquellos bienes que correspondían a sectores industriales que están en esta categoría de transables y se ha apreciado que durante el 2005 se produjo una caída de los precios relativos de estos bienes que es muy importante, y el 2006 presenta una caída bastante más pronunciada."
1003,2006-12-14,1277;1278;1279;1280;1281;1282,Vittorio Corbo Lioi → José De Gregorio Rebeco → Rodrigo Valdés Pulido → Andrés Velasco Brañes → Vittorio Corbo Lioi → Rodrigo Valdés Pulido,1285,Vittorio Corbo Lioi,SUJETO_ROL_NOMBRE,Presidente del Banco Central,"Sobre el particular, el Presidente señor Vittorio Corbo señala que se ha podido determinar que China desplaza a Brasil y, en consecuencia, la industria nacional que podía competir con los zapatos de Brasil no puede hacerlo con los de China porque ingresan al mercado a precios muy bajos. Se trata, en consecuencia, que están cambiando los orígenes de dónde vienen las exportaciones y eso comienza a dificultar a sectores que antes podían competir con Brasil o Corea pero no con China. Agrega que China está desplazando a otras fuentes de importación, no al producto local, pero sí le quitan el margen al mercado local."
1003,2006-12-14,1277;1278;1279;1280;1281;1282,Vittorio Corbo Lioi → José De Gregorio Rebeco → Rodrigo Valdés Pulido → Andrés Velasco Brañes → Vittorio Corbo Lioi → Rodrigo Valdés Pulido,1286,Rodrigo Valdés Pulido,SUJETO_NOMBRE,Gerente de División Estudios,"El señor Valdés señala que hay varios temas con China, pero el punto en particular, es si China exporta deflación para un mismo bien, es decir, que el mismo bien es cada vez más barato y, por tanto esto no tiene fin. En otras palabras, el mismo zapato cuesta cada año más barato. Agrega que ese no es el caso, ya que China entra normalmente a un precio para un mismo bien más barato que el resto del mundo cuando ya lo produce. Gana la cuota de mercado, pero esta seudo deflación que importamos de China no es que caiga ese bien de nuevo, sino que el precio de otro bien vuelve a caer y vuelve a ganar cuota de mercado en el mercado siguiente y así existe un efecto repartido en el tiempo de una penetración de un precio de un salto por una vez."
1008,2006-12-14,1288,José De Gregorio Rebeco,1292,José De Gregorio Rebeco,SUJETO_ROL_NOMBRE,Vicepresidente del Banco Central,"El Vicepresidente señor José De Gregorio, sobre el mismo tema indica que toda hipótesis que se espera, dada la rigidez del mercado del trabajo es que pierda vigor el empleo por cuenta propia y sea más vigoroso el empleo asalariado. Señala que no le parece tan relevante para entender lo que está pasando en el mercado laboral, porque igual el dinamismo que se observó en el período 2002-2003 resulta fuerte en empleo asalariado."
1008,2006-12-14,1288,José De Gregorio Rebeco,1293,Igal Magendzo Weinberger,SUJETO_NOMBRE,Gerente de Análisis Macroeconómico,"Por otra parte, indica el señor Madgenzo que de lo que sí se tiene certeza es que el comportamiento del empleo asalariado, se parece mucho al que se ve en otras fuentes. En consecuencia, existe cierta incertidumbre a que el empleo asalariado está teniendo ese comportamiento, constituye un crecimiento legítimo del empleo."
1010,2006-12-14,1290;1291;1292,Manuel Marfán Lewis → Rodrigo Valdés Pulido → Manuel Marfán Lewis,1295,Manuel Marfán Lewis,SUJETO_ROL_NOMBRE,Consejero,"El Consejero señor Manuel Marfán comenta que existe una tasa en la OIT, que le parece adecuada como indicador, porque hay poca costumbre de realizar una medición con la tasa de ocupación, o sea es el empleo sobre toda la población que está en edad de trabajar, porque eso es una mezcla entre tasa de participación. Agrega que tiene la impresión de que ésta es mucho más estable porque tiene más información cíclica que la tasa de desempleo, que es más bien una cuestión de sensación térmica que depende mucho de la evolución de la fuerza de trabajo. Por otra parte, señala que en el día de hoy aparece una entrevista al economista señor Mario Marcel en el Diario El Mercurio, que le parece interesante de considerar, porque cree que él está revisando la propuesta de la regla fiscal, pero dice que el Banco Central tuvo algunos problemas de política económica, principalmente, por las cifras del mercado del trabajo. Agrega el señor Marfán que sería interesante saber si efectivamente el hecho de que el INE haya cambiado las cifras de empleo, motivó el que se pudiera haber tomado una decisión distinta."
1010,2006-12-14,1290;1291;1292,Manuel Marfán Lewis → Rodrigo Valdés Pulido → Manuel Marfán Lewis,1296,Igal Magendzo Weinberger,SUJETO_NOMBRE,Gerente de Análisis Macroeconómico,"El señor Madgenzo, sobre el tema, señala que en el IPoM de mayo se mencionó que se estaban tomando con cautela las cifras de costos laborales."
1010,2006-12-14,1290;1291;1292,Manuel Marfán Lewis → Rodrigo Valdés Pulido → Manuel Marfán Lewis,1297,Rodrigo Valdés Pulido,SUJETO_NOMBRE,Gerente de División Estudios,"El señor Valdés menciona que este año, con las nuevas cifras, se dejó de dar credibilidad completa a las cifras de empleo en la toma de decisión y análisis. Sin embargo, lo que no cambió y tampoco se modifica con las cifras nuevas, es el cuadro de fuerte creación de empleo que hubo en el año 2005, con su consecuente efecto en costos laborales unitarios."
1010,2006-12-14,1290;1291;1292,Manuel Marfán Lewis → Rodrigo Valdés Pulido → Manuel Marfán Lewis,1298,Manuel Marfán Lewis,SUJETO_ROL_NOMBRE,Consejero,"El Consejero señor Marfán indica que desea comentar que el señor Mario Marcel es un buen economista y muy honesto, y cree, que no tiene intenciones políticas en lo que ha señalado, de modo que lo tomaría con buena fe de que él realmente piensa así. No obstante, tiene la sensación que cuando el Gobierno impulsa la regla fiscal, lo que está implícitamente pensando es que cuando esa regla tiene un componente anticíclico éste es tenue y que, por lo tanto, la política monetaria debería jugar un rol anticíclico más fuerte. En consecuencia, a su juicio, si existe una desaceleración, el discurso consistente y coherente de ellos es que la política monetaria no jugó el rol anticíclico que debió haber tenido. Le parece que ese es el El Vicepresidente señor José De Gregorio, con respecto a esta discusión, señala que el Banco tuvo una sorpresa la que tendrá implicancia en los aspectos de política monetaria, en el sentido si el menor nivel de actividad, independiente de que si es transitoria o permanente, tiene impacto sobre la presión inflacionaria. Por otro lado, con respecto del tema laboral recuerda que hubo discusiones previas sobre nuestras cifras de costo laboral, ya que se advertía que había cierta anormalidad."
1600,2007-12-13,2105,Sebastián Claro Edwards,2111,Andrés Velasco Brañes,SUJETO_ROL_SESION,Ministro de Hacienda,"El señor Ministro de Hacienda felicita tanto al Presidente, como al Vicepresidente y al nuevo Consejero del Banco Central de Chile, señor Sebastián Claro Edwards."
1879,2008-06-10,2538;2539,Jorge Desormeaux Jiménez → Claudio Soto Gamboa,2544,Jorge Desormeaux Jiménez,SUJETO_ROL_NOMBRE,Vicepresidente del Banco Central,El Vicepresidente señor Jorge Desormeaux comenta que es interesante mencionar que los períodos de fuerte crecimiento de la oferta de trabajo corresponden a aquéllos en que las familias necesitan más ingresos y la mujer sale a trabajar.
1879,2008-06-10,2538;2539,Jorge Desormeaux Jiménez → Claudio Soto Gamboa,2545,Claudio Soto Gamboa,SUJETO_ROL_NOMBRE,Gerente de Análisis Macroeconómico,"En relación a la encuesta de empleo del INE y la implicancia de la reducción de las horas trabajadas, el Gerente señor Claudio Soto menciona que cuando se actualizó la encuesta de empleo y se hizo el empalme correspondiente, las horas quedaron sin un tratamiento y lo que se ha observado es que existe una tendencia decreciente en los datos sobre horas de los últimos 10 ó 12 meses y, en consecuencia, le parece que se trata de una cifra algo extraña que habría que observar para determinar qué es lo que podría estar ocurriendo."
1879,2008-06-10,2538;2539,Jorge Desormeaux Jiménez → Claudio Soto Gamboa,2546,Pablo García Silva,SUJETO_ROL_SESION,Gerente de División Estudios,"El Gerente de División Estudios sobre el mismo tema comenta que cuando se cambió la jornada, se reflejó de manera muy nítida en la encuesta el cambio en las horas trabajadas que reportaban los hogares. Agrega que lo anterior, sirvió para validar de alguna manera la estadística y para efectuar los cálculos de productividad corregida. Tal como lo ha explicado el Gerente señor Claudio Soto, el problema con la nueva encuesta es que los empalmes que se realizan se efectúan solamente a nivel de algunos agregados, y no se hace un empalme total de toda la información de la encuesta porque es imposible, ya que no es suficientemente representativa y, precisamente en el caso de las horas trabajadas es difícil realizar dicho empalme."
2336,2009-02-12,3170,Claudio Soto Gamboa,3177,Claudio Soto Gamboa,SUJETO_ROL_SESION,Gerente de Análisis Macroeconómico,"El Gerente de Análisis Macroeconómico indica que en términos de política monetaria, las expectativas de un escenario, tanto de menores presiones inflacionarias como de crecimiento, han seguido desplazando a la baja la trayectoria esperada de la Tasa de Política Monetaria. Estos movimientos fueron especialmente significativos después de la publicación del IPoM de enero de 2009 y más recientemente tras conocerse el dato de actividad de diciembre de 2008 e inflación de enero pasado. Manifiesta además, que para esta Reunión de Política Monetaria el mercado apuesta por una reducción de entre 100 y 150 puntos base. Por otro lado, de acuerdo con la curva forward, se anticipa una reducción de algo más de 100 puntos base, con una Tasa de Política Monetaria que alcanzaría a 4% anual durante el segundo trimestre de este año. Las tasas swap, en tanto, tienen implícito un recorte de entre 150 y 175 puntos base desde esta fecha a abril del presente año y una Tasa de Política Monetaria del orden de 4% a comienzos del año 2010, cerca de 200 puntos base menos que lo anticipado en enero pasado. Comenta, que conforme con la Encuesta de Expectativas Económicas, los encuestados anticipan una Tasa de Política Monetaria de 6,25% anual para este mes y un descenso de hasta un 4% anual a fines de este año, 150 puntos base por debajo de lo esperado según la encuesta del mes de enero. / ."
2336,2009-02-12,3170,Claudio Soto Gamboa,3178,Manuel Marfán Lewis,CONTEXTO_REVISADO,Consejero,"En relación a un comentario efectuado por el Gerente señor Claudio Soto respecto al gráfico que se refiere al PIB resto socios comerciales, el Consejero señor Manuel Marfán consulta por el significado de esa expresión."
6394,2014-09-11,8125,Rodrigo Vergara Montes,8133,Sergio Lehmann Beresi,CONTEXTO_REVISADO,Gerente de Análisis Internacional,"El Presidente del Banco Central Europeo señor Mario Draghi, en tanto, dio señales de mayor expansividad monetaria, que se materializaron días después. En segundo lugar, expresa que en el Reino Unido ha ganado fuerza la opción independentista de Escocia, que se definirá en el referéndum que se celebrará el próximo 18 de septiembre, y que el gobierno inglés se ha puesto en campaña para fines de mantener la unión. En cuanto a los efectos económicos de una eventual salida de Escocia del Reino Unido, indica que la cuenta corriente del Reino Unido se vería afectada por menores ingresos derivados del petróleo, ya que los grandes yacimientos del Mar del Norte son, en parte, propiedad de Escocia; ello se traduciría en un aumento de la deuda a PIS en torno a 10%; y podría existir una menor probabilidad de que el Banco de Inglaterra eleve su tasa rectora en el primer trimestre del próximo año, atendida la mayor incertidumbre. En cuanto a Francia, comenta la renuncia del gabinete por discrepancias con las políticas económicas del Ministro de Economía y Finanzas señor Emmanuel Macron, quien promovería la austeridad fiscal. Con respecto a las economías emergentes, menciona que Estados Unidos de América reforzó la intervención militar en el Medio Oriente para detener el avance del Estado Islámico; y que Israel y Hamas acordaron un cese al fuego. Resalta que Ucrania y Rusia alcanzaron un acuerdo de paz. Sin embargo, la Unión Europea aplicó nuevas sanciones a esta última, que contemplan restricciones de préstamos a bancos y a grandes empresas energéticas, que entrarían en rigor próximamente. Agrega que Argentina propuso pagar en Buenos Aires o París bonos bajo legislación extranjera. Asimismo, consigna que en Brasil, la candidata señora Marina Silva lidera las encuestas de las próximas elecciones presidenciales, y que la corrupción en Petrobras y el desempeño económico dominan el debate. A título de último hecho destacado del mes en esta materia, informa que en Venezuela, los premios por riesgo han subido hasta 1.500 puntos base debido a la incertidumbre de poder cumplir importantes vencimientos de deuda en el mes de octubre próximo, existiendo, por tanto, algún grado de preocupación respecto de un eventual default venezolano en lo que se refiere a deuda interna."
