ID_Padre,SHA256_Texto_Padre,ID_Antes,ID_Actual,Actor,Fuente_Antes,Fuente_Actual,Alertas_Antes,Alertas_Actuales,Relacion_Antes,Relacion_Actual,Texto
320,6386655e0fc769ea6ca0d49aa84907176c22f5ad1eff7842bb210ca35abbad0b,415,415,Nicolás Eyzaguirre Guzmán,SUJETO_ROL_SESION,SUJETO_ROL_SESION,,POSIBLE_OTRO_HABLANTE_O_MENCION,INICIO_EXPLICITO,INICIO_EXPLICITO,"El señor Ministro de Hacienda hace presente que, en concordancia con lo que ha expresado el Consejero señor Desormeaux, le parece que lo que está detrás de las curvas de futuro es fundamentalmente la presión que ejerce el mercado sobre las potencialidades de expansión de la oferta, presentándose mayor velocidad en el ajuste del cobre que en el caso del petróleo y que también existen distintas evaluaciones del consumo, en el sentido que resulta posible que hayan más sustituciones del cobre que del petróleo. Agrega, que sucede predominantemente por el lado de la reacción de la oferta o porque se prevee que la elasticidad del consumo de la demanda de cobre y petróleo son distintas."
615,4f372c1c6f371baec6e2e29993f339a7509232a67cb724f97f4627363077daf8,786,786,Rodrigo Valdés Pulido,ORIGINAL,ANAFORA_LOCAL,ATRIBUCION_HEURISTICA_LEGADA,ATRIBUCION_POR_ANAFORA,SIN_CONTINUIDAD_CONFIRMADA,SIN_CONTINUIDAD_CONFIRMADA,"El señor Gerente de División mencionado informó lo siguiente:
1.
En la reunión de política monetaria de febrero, el Consejo decidió, luego de dos pausas
consecutivas, aumentar la tasa de interés en 25pb hasta 4,75% anual. En esa decisión
se consideró que el entorno externo relevante para la economía chilena era muy
favorable, las condiciones financieras internas seguían expansivas y la actividad
continuaba creciendo a un ritmo por encima de su tendencia. Aunque se esperaba que la
inflación anual continuara sobre 4% en el corto plazo, se mantenía la perspectiva de una
convergencia hacia 3% en el curso de este año, coherente con el escenario central del
último Informe de Política Monetaria.
2.
Desde la última reunión, el panorama macroeconómico se mantiene bastante en línea
con el delineado en el IPoM, aunque la revisión de cifras oficiales dificulta algo una
evaluación precisa. Las novedades más importantes son las siguientes:
3.
El panorama externo se ha vuelto incluso más favorable que el proyectado en el
escenario central del Informe. El precio del cobre se mantiene elevado, han aumentado
algo las perspectivas del ya alto crecimiento de la actividad mundial y las condiciones
financieras para economías emergentes siguen siendo convenientes.
4.
En el país, el crecimiento del PIB en 2005.IV alcanzó 5,8%, marginalmente más que el
esperado con anterioridad, mientras las proyecciones para 2006.1 se han elevado en tres
décimas respecto del IPoM, sin cambios en su velocidad de expansión.
La demanda
interna habría crecido 2005.IV 10,1%, en torno a un punto por encima y a una velocidad
de expansión significativamente mayor que las proyecciones previas, lo
que en buena
parte se explica por un mayor consumo. En 2006.1, la demanda interna estaría creciendo
casi 8%, más de dos puntos por encima y a una velocidad mayor de las estimaciones
previas. En todo caso, se mantiene el panorama de una moderación del ritmo de
crecimiento de la demanda interna.
Incluso
la desaceleración de la FBCF estaría
progresando algo más rápido que lo proyectado.
5.
En el mercado laboral, la tasa anual de generación de empleos aumentó luego de varios
meses de disminución, al igual que el número absoluto de empleos (desestacionalizado).
El empleo asalariado sigue expandiéndose con vigor, mientras que la volatilidad del
empleo por cuenta propia ha dominado la dinámica del empleo total.
La tasa de
desempleo desestacionalizada tuvo un nuevo aumento leve (hasta 8% desde el mínimo
de 7,7% en octubre pasado). La tasa de crecimiento de los costos laborales unitarios
sigue incrementándose, influida por el rápido crecimiento del empleo asalariado y salarios
nominales que presentan una leve reducción en su tasa de crecimiento.
6.
La expansividad de las condiciones financieras persiste, aunque en el último mes las
tasas efectivas de colocación tuvieron un aumento significativo. La tasa de crecimiento
del crédito y de los agregados monetarios se mantiene elevada. En términos reales, el
peso se ha mantenido como hace un mes.
7.
La inflación del IPC se ubicó en febrero bastante por debajo de lo esperado el mes
anterior, fundamentalmente por la incidencia de bajas en combustibles y perecibles. La
inflación IPCX1 estuvo muy cerca de lo proyectado, bastante en línea con el escenario
del IPoM. Con esto, la proyección de inflación de corto plazo sigue algo por encima de la
proyectada en el Informe, básicamente como consecuencia del escenario de mayores
precios de combustibles. Las expectativas de inflación a distintos plazos se ubican en
torno al centro del rango meta. 8.
Con los antecedentes disponibles, las opciones que parecen plausibles para esta reunión
son mantener o aumentar la TPM en 25pb.
9.
Considerando que las novedades no parecen cambiar en lo fundamental el panorama
macroeconómico discutido en los últimos dos meses, la estrategia de normalización
pausada de la TPM sigue siendo la más adecuada. En efecto, la tendencia inflacionaria y
las expectativas se ubican hoy en torno a 3%, las holguras que subsisten no son
significativas y la economía continúa su dinámica de expansión por encima de su
tendencia. Dado que la TPM se encuentra por debajo de niveles que se evalúan como
neutrales, para mantener este cuadro de inflación y expectativas bien ancladas es
necesario continuar retirando el estímulo monetario que persiste, trayectoria que también
esperan los mercados.
En esta reunión particular, considerando las novedades
acumuladas y los cambios en la TPM decididos en meses pasados, tanto una pausa
como un aumento parecen coherentes con esta estrategia.
10.
Desde el punto de vista del escenario central, los argumentos a favor de aumentar la
TPM incluyen la solidez del entorno externo (incluyendo la perspectiva de mayores tasas
de interés), la ratificación de que la desaceleración de 2005.111 fue en efecto transitoria, la
mayor fuerza que estaría teniendo el consumo privado y el crecimiento que están
mostrando los costos laborales unitarios.
Por el contrario, argumentos para mantener
son la desaceleración que presenta la inversión, el que las medidas y expectativas de
inflación se encuentren bien alineadas con la meta, el comportamiento de los salarios y el
aumento de las tasas de colocación.
Ninguno de estos argumentos parece tener
suficiente peso para determinar qué opción es más indicada.
11.
Desde el punto de vista del análisis de riesgos, hay varios que podrían favorecer la
opción de aumentar la TPM hoy. Adelantar (“front load”) ajustes que se espera realizar
en el futuro permite mitigar el riesgo de tener que realizar ajustes más abruptos después.
En particular, a los riesgos de que no se materialice la disminución esperada en el precio
del petróleo y del cobre, se suman en esta oportunidad las renovadas preocupaciones
por la inflación global e, internamente, la dinámica del consumo privado, que en la
medida que continúe, generaría una mayor presión inflacionaria futura. Cabe notar que
algunas medidas de la tendencia inflacionaria futura han continuado aumentando (en
particular el IPCF12-24).
Como se ha discutido en otras reuniones, la inesperada
persistencia de los elevados precios del cobre podría implicar un mayor ajuste hacia
arriba del precio de largo plazo de este metal y la consiguiente expansión del gasto de
gobierno el 2007 (con un efecto cambiarlo que mitigaría en algo los efectos inflacionarios
del mayor gasto).
12.
Sin embargo, adelantar ajustes también impone algunos riesgos. Además de que no se
materialicen los riesgos que de partida motivan una acción de política preventiva, una
nueva alza consecutiva de la TPM podría exacerbar el alza de tasas de colocación y/o el
ajuste que está teniendo la inversión.
13.
Por último, desde el punto de implementación de una estrategia de normalización
pausada, la mantención parece más fácil de justificar que el alza. Pasar de dos pausas
consecutivas a dos alzas consecutivas podría ser considerado incoherente con esta
estrategia, e incluso dar cuenta de un cambio en el escenario macroeconómico. Esto se
exacerba considerando que, en su mayoría, las expectativas de los participantes de
mercado y analistas para esta reunión son de mantención. Además de estos problemas
de comprensión de la medida, un alza, por ser inesperada, podría tener un efecto notorio
en la estructura de precios financieros."
817,c82ae466d627e3393c23c79526c3b49b743a25dd2142ebd3c25e7ce327a3a4e7,1081,1089,Rodrigo Valdés Pulido,SUJETO_ROL_SESION,ANAFORA_LOCAL,,ATRIBUCION_POR_ANAFORA,INICIO_EXPLICITO,SIN_CONTINUIDAD_CONFIRMADA,"El señor Gerente de División mencionado informó lo siguiente:
En la reunión de política monetaria de julio, el Consejo decidió aumentar la tasa
de interés de política monetaria hasta 5,25% anual, luego de dos pausas consecutivas. En la
decisión se consideró que, si bien los antecedentes disponibles apuntaban a que la aceleración
del producto contemplada para el segundo semestre podría ser algo inferior a la prevista, la
reducción de abril se debía principalmente a factores transitorios.
Además señala, que la
demanda interna había moderado su crecimiento en el segundo trimestre, en línea con lo
proyectado, y la inflación del IPC se ubicaba cerca de 4%, probablemente postergando su
convergencia hacia 3%, debido a la incidencia del mayor precio de los combustibles.
Las
condiciones financieras internas seguían siendo expansivas. Indica que se estimó que, en el
escenario más probable, seguía siendo necesario hacer ajustes pausados a la tasa de política
monetaria, pero que su frecuencia podía disminuir respecto de los últimos trimestres.
Señala el Gerente de División Estudios que, desde la última reunión, las
principales novedades son las siguientes:
•
En el mundo, mientras en Estados Unidos de América el crecimiento de la actividad se ha
desacelerado, otras zonas mantienen o incluso han intensificado su dinamismo. En tanto,
las condiciones financieras que enfrentan las economías emergentes se mantienen
ventajosas, el precio del cobre se ubica en torno a US$ 3,5 por libra, algo por debajo del
de hace un mes, y el precio del petróleo ha vuelto a aumentar en los días recientes por
encima de US$ 76 por barril.
Ello nuevamente modifica al alza las proyecciones de
precios de cobre y petróleo para los próximos trimestres.
•
En el ámbito interno, e incluso con mayor claridad que en el mes pasado, no continuó la
reducción de la expansividad de las condiciones financieras observada previamente. El
peso mostró una leve depreciación tanto respecto del dólar como en términos
multilaterales. Con ello, el TCR se ubica entre 94 y 95, con una base de 100 para 1986,
casi 1 % por sobre lo observado hace un mes.
•
Pese a que si se elimina el efecto calendario, el crecimiento anual de la actividad muestra
un leve aumento en los últimos cuatro meses, el conjunto de indicadores reafirma un
escenario de menor empuje de la actividad que el considerado en mayo.
Se suman
además, en lo más reciente, noticias negativas de la minería. Todo esto ratifica que la
aceleración contemplada para el segundo semestre sería inferior a la proyectada en el
IPoM.
El panorama es heterogéneo entre sectores y componentes de la demanda,
exhibiendo debilidad en la industria y la inversión, y mayor empuje en el comercio y el
consumo.
•
El crecimiento anual de los salarios no ha mostrado cambios mayores, manteniendo un
comportamiento favorable para la estabilidad de precios.
Los cambios metodológicos
siguen dificultando la evaluación del mercado laboral, pero el empalme disponible muestra
que continúa la disminución en la tasa de crecimiento del empleo, menos marcada para el
componente asalariado, la tasa de desempleo disminuido en el margen, y el crecimiento
de los costos laborales unitarios sería considerablemente menor que el que revelan las
cifras publicadas. •
La inflación del IPC de junio se ubicó dentro de lo esperado (3,8% anual), mientras el
IPCX1 estuvo marginalmente por encima. El panorama de corto plazo para la inflación
subyacente IPCX1 e IPC es similar al del mes pasado, aunque hay riesgos al alza en el
IPC, si el precio del petróleo se mantiene en los niveles actuales y su traspaso no es
aminorado por el FEPCo.
Las medidas alternativas de la tendencia inflacionaria no
muestran un sesgo particular y las expectativas se mantienen bien ancladas.
Agrega el señor Valdés que, con los antecedentes disponibles, es difícil justificar
una opción distinta de la mantención de la tasa de política monetaria en esta reunión. Señala
que en principio, se podría argumentar a favor de un alza de 25 puntos base considerando los
siguientes elementos. Primero, el crecimiento mundial y las condiciones financieras externas se
mantienen favorables y apoyarían un crecimiento mayor. De hecho, hay una corrección al alza
en el crecimiento mundial a PPC para éste y el próximo año, a lo que se agrega la mayor
expansión fiscal esperada para el próximo año. Segundo, las condiciones financieras internas
son aún expansivas, lo que se refleja tanto en el nivel de las tasas de interés como en el
crecimiento de distintos agregados monetarios y de crédito. Tercero, el ya elevado precio del
petróleo continúa aumentando, lo que junto a la posibilidad de que no disminuya, combinado
con la leve depreciación del peso, genera un riesgo de desanclaje de expectativas y efectos de
segunda vuelta en la inflación.
Lo anterior, sin embargo, se contrapone con otras novedades que se estiman de
mayor importancia y con elementos de implementación de la estrategia de normalización
pausada de la política monetaria, denominados “elementos'tácticos”. En particular, dado un PIB
de tendencia, el crecimiento de la actividad en la primera mitad del año y la expectativa para el
segundo semestre, entregan un cuadro de holguras del que se derivan presiones inflacionarias
menores que las consideradas en el escenario base.
La desaceleración que continúa
mostrando la demanda interna, liderada por la inversión, también apoya esta evaluación, a la
que se suma el cuadro de presiones de costos laborales contenidas. Además, la política fiscal
más expansiva el próximo año, reflejada en una tasa de crecimiento de un dígito para el gasto,
seria marginalmente inferior a la considerada dentro del escenario central.
El empuje del
crecimiento global, por su parte, podría verse influido por la desaceleración de Estados Unidos
de América en mayor grado que lo considerado en el escenario base y, eventualmente, por
nuevos atentados terroristas o atentados frustrados, como el conocido en el día de hoy.
Señala el señor Valdés que, respecto de las condiciones financieras, si bien las
de tasas de interés de mediano y largo plazo disminuyeron en el último mes, y los agregados y
el crédito aún crecen a tasas mayores que las que se esperan a largo plazo, persiste cierta
incertidumbre respecto de cuán expansiva es en realidad la política monetaria y cómo se
absorben en la economía las alzas de los últimos trimestres. Como se analizó en la reunión
anterior, este tipo de interrogante es más difícil en la medida en que el estímulo de la política
monetaria es menor, y probablemente sea un tópico relevante en el próximo Informe.
Con relación al alza adicional del petróleo, y especialmente al riesgo de que no
disminuya como se contempla en el escenario central del último IPoM, cabe recordar que el
alza de la última reunión respondió en parte justamente a este fenómeno y que, dado el menor
empuje de la economía, no es evidente cuál sería la dosis requerida para hacer frente a este
factor.
Adicionalmente, el comportamiento de las expectativas de inflación y otros costos
delimita el riesgo de efectos de segunda vuelta pronunciados.
Desde el punto de vista de la implementación de la estrategia de política
monetaria, dos alzas consecutivas serían bastante contradictorias con la idea de alzas
pausadas. Señala el señor Valdés, que esto cobra especial importancia en esta reunión, luego
de que en la anterior se comunicara que las alzas en el futuro serían probablemente menos frecuentes que en el pasado.
De hecho, reflejo de esta situación es que la expectativa de
mercado — prácticamente unánime— para esta reunión, es de una pausa.
Agrega el señor Valdés, que un tema distinto de la decisión misma de política
monetaria, pero que requiere de más análisis, es la conveniencia o no de señalar en el
comunicado de esta reunión si el panorama de tasas de interés hacia delante se modifica. Por
un lado, se puede argumentar que ese es el caso, dada la evolución de la actividad, las tasas
de interés externas y el comportamiento de la tendencia inflacionaria y de las expectativas de
inflación de mediano y largo plazo. Por otro, se podría esperar a entregar este diagnóstico en el
IPoM de septiembre."
1336,a86346b1c43ef7cfb87484e282e92348b7c4de537fa1281b1e75f967559d65c5,1739,1747,Pablo García Silva,SUJETO_ROL_NOMBRE,SUJETO_ROL_NOMBRE,,POSIBLE_OTRO_HABLANTE_O_MENCION,INICIO_EXPLICITO,INICIO_EXPLICITO,"El Gerente de División Política Financiera señor Pablo García señala que el nerviosismo que mencionaba el Consejero señor Manuel Marfán le parece muy cierto, sobre todo en el caso de los shocks de oferta, porque la reducción de tasas que se observa en el modelo para el 2009 es condicional a que efectivamente en ese momento, 2 años más, la regla mida los shocks de oferta, por lo cual lo ponderaría bastante poco."
1420,0285f96d43d573c6a0d2bd1f85eb0b52ced1355c33b946da2a962b97e966d80a,1843,1851,Esteban Jadresic Marinovic,SUJETO_ROL_NOMBRE,SUJETO_ROL_NOMBRE,,POSIBLE_OTRO_HABLANTE_O_MENCION,INICIO_EXPLICITO,INICIO_EXPLICITO,"El Gerente de División Operaciones Financieras señor Esteban Jadresic comenta que el punto que ha planteado el Gerente de División Política Financiera le parece interesante, ya que él quiere hacer el punto “contrario del contrario”. Agrega que en línea con lo que señaló el Gerente señor De Ramón y también el Consejero señor Marfán, lo que le preocupa tiene que ver con un tem a de liquidez y en ese sentido estima que el indicador más correcto es el credit default swap, ya que actualmente el problema de liquidez se concentra y tiene más bien las características de un seguro. El típico indicador de credit default swap está medido respecto a la tasa Libor. No es lo que habitualm ente se utiliza, y si uno lo convierte respecto a precios, que es el estándar para medir riesgo país, lo que se observa es que al día 11 de septiembre ese índice para Chile, respecto a los Bonos del Tesoro, estaba en 96 puntos base, y en el caso de México, que es la comparación, estaba en 148 puntos base, que constituyen números bastante más en línea con lo que se apreciaba en el pasado cuando no se presentaban los problemas de liquidez que se están observando actualmente."
2228,ba8a5275299cb6419a09520711c0450d4f9513871d0eb11c5b6b6c0603930a03,3043,3052,Andrés Velasco Brañes,SUJETO_ROL_SESION,SUJETO_ROL_SESION,,POSIBLE_OTRO_HABLANTE_O_MENCION,INICIO_EXPLICITO,INICIO_EXPLICITO,"El señor Ministro de Hacienda señala que de los tres aspectos que ha mencionado el señor Presidente, le parece que hay uno de ellos que es fácil de confirmar porque se conoce cuál es la composición y cuáles son sus agregados. Se conoce cuánto se ha depreciado nominalmente el peso y por lo tanto, ese cálculo se puede efectuar. Agrega que en el Ministerio de Hacienda se efectuó ese ejercicio y el resultado que se obtuvo fue que igual se producía algo relativamente estable. Las otras dos interrogantes le parecen más difíciles de medir. Sin embargo, indica que podrían medirse quizás distinguiendo por plazo, porque si se tiene una línea de crédito y se gira para tener liquidez, esa línea de crédito, probablemente era a 30 días y no a dos años. Entonces, si uno efectuara este ejercicio por plazo, probablemente eso también se podría apreciar."
4574,045077d5ab568d195b7d54184aa2311d5dccd98dc3737d4159356cedeb789ae2,6242,6252,Rodrigo Vergara Montes,ROL+NOMBRE,ROL+NOMBRE,ATRIBUCION_HEURISTICA_LEGADA,ATRIBUCION_HEURISTICA_LEGADA;POSIBLE_OTRO_HABLANTE_O_MENCION,SIN_CONTINUIDAD_CONFIRMADA,SIN_CONTINUIDAD_CONFIRMADA,"El Presidente señor Rodrigo Vergara da inicio a la Reunión de Política Monetaria N° 182. En primer término, da la bienvenida al señor Joaquín Vial Ruiz-Tagle, en su carácter de nuevo Consejero de la Institución, quien participará en su primera Reunión de Política Monetaria por haber asumido recientemente sus funciones y, junto con ello, expresa su convicción de que su incorporación constituirá un gran aporte para el Consejo y el Banco. Asimismo, indica que el Consejo, en Sesión Especial celebrada en el día de hoy, acordó renovar la designación del señor Manuel Marfán Lewis en el cargo de Vicepresidente del Banco. En tercer, lugar, indica que, de conformidad con el Reglamento que rige estas Sesiones, fija la Reunión de Política Monetaria correspondiente al mes de agosto de 2012 para el día 16 de ese mes. Por último, deja constancia que el Ministro de Hacienda señor Felipe Larraín le informó que solo asistirá al análisis de las opciones y adopción de acuerdos de la presente Sesión, que se tratarán en la segunda parte de esta Reunión. A continuación, el Presidente señor Rodrigo Vergara da paso a la presentación del escenario externo, a cargo del Gerente de Análisis Internacional Subrogante señor Miguel Ricaurte."
4656,40f049a7ab52acdb956fbca9f0e546d0eed10592f8c8c23e8845f8e77fcbae8f,6327,6337,Rodrigo Vergara Montes,SUJETO_ROL_NOMBRE,SUJETO_ROL_NOMBRE,,POSIBLE_OTRO_HABLANTE_O_MENCION,INICIO_EXPLICITO,INICIO_EXPLICITO,"El Presidente señor Rodrigo Vergara da inicio a la Reunión de Política Monetaria N° 183, indicando que, de conformidad con el Reglamento que rige estas Sesiones, fija la Reunión de Política Monetaria correspondiente al mes de septiembre de 2012 para el día 13 de ese mes. Asimismo, deja constancia que el Ministro de Hacienda señor Felipe Larraín le informó que no asistirá a la presente Reunión, pero que hará llegar su opinión y comentarios a través de su Asesor señor Rodrigo Cerda. A continuación, el Presidente señor Rodrigo Vergara ofrece la palabra al señor Sergio Lehmann para fines de la presentación del escenario externo, a cargo del Gerente de Análisis Internacional."
