ID_Padre,Tipo,SHA256_Texto_Padre,Version,ID,Id_Sesion,Fecha,Actor_Original,Actor_Final,Actor_Corregido,Rol_Fuente,Rol_Final,Rol_Corregido,Rol_Detectado_Texto,Rol_Lista_Asistencia,Fuente_Rol,Tipo_Acta,Fuente_Actor,Página,Texto,Tema_Original,Tema_Categoria,Palabra_Clave_Original,Palabra_Clave_Categoria,Texto_Truncado,Duplicado_Exacto,Duplicado_Formula,Nota,ID_Intervencion,Numero_Segmento,Fuente_Texto,Duplicado_Exacto_Origen,Duplicado_Formula_Origen,ID_Bloque_Texto,Estado_Revision,Motivos_Revision,ID_Turno,Relacion_Turno,ID_Antecedente_Continuidad,ID_Ancla_Actor
2931,RESEGMENTACION,0a414d26473f6596ce4286566f46bb2b3925f7261df2f3eb8b905d1fba47b412,Antes,4358,RPM-2010-02-11,2010-02-11 00:00:00,Enrique Marshall Rivera,Pablo García Silva,SI,Consejero,Gerente de División Estudios,SI,,Gerente de División Estudios,LISTA_ASISTENCIA,,SUJETO_NOMBRE,13,"El señor Pablo García indica que el temor que mencionaba el Consejero señor Enrique Marshall radica en que al efectuarse este ejercicio se observaran, por ejemplo, grandes diferencias en la estacionalidad a nivel nacional y a nivel Gran Santiago, lo que produciría repercusiones acerca de su proyección futura.",Análisis de la inflación y expectativas inflacionarias,inflacion,inflación,inflacion,NO,NO,NO,Rol según lista de asistencia: Gerente de División Estudios,RPM-2010-02-11:2931:1,1,XLSX_ORIGINAL,NO,NO,RPM-2010-02-11:2931:B1,SIN_ALERTAS_AUTOMATICAS,,RPM-2010-02-11:T71,INICIO_EXPLICITO,,RPM-2010-02-11:2931:1
2931,RESEGMENTACION,0a414d26473f6596ce4286566f46bb2b3925f7261df2f3eb8b905d1fba47b412,Antes,4359,RPM-2010-02-11,2010-02-11 00:00:00,Enrique Marshall Rivera,Enrique Marshall Rivera,NO,Consejero,Consejero,NO,,Consejero,LISTA_ASISTENCIA,,SUJETO_ROL_NOMBRE,13,"El Consejero señor Marshall consulta si estos cambios metodológicos informados el año pasado ya están resueltos, de manera que no van a producirse sorpresas en esa materia, afirmando el señor Pablo García que ello es efectivo, considerando adicionalmente que el documento metodológico que el INE publicó para el IPC nacional es prácticamente idéntico al que difundió hace un año atrás para el IPC del Gran Santiago.",Análisis de la inflación y expectativas inflacionarias,inflacion,inflación,inflacion,NO,NO,NO,Rol según lista de asistencia: Consejero,RPM-2010-02-11:2931:2,2,XLSX_ORIGINAL,NO,NO,RPM-2010-02-11:2931:B2,SIN_ALERTAS_AUTOMATICAS,,RPM-2010-02-11:T72,INICIO_EXPLICITO,,RPM-2010-02-11:2931:2
2931,RESEGMENTACION,0a414d26473f6596ce4286566f46bb2b3925f7261df2f3eb8b905d1fba47b412,Despues,4358,RPM-2010-02-11,2010-02-11 00:00:00,Enrique Marshall Rivera,Pablo García Silva,SI,Consejero,Gerente de División Estudios,SI,,Gerente de División Estudios,LISTA_ASISTENCIA,,SUJETO_NOMBRE,13,"El señor Pablo García indica que el temor que mencionaba el Consejero señor Enrique Marshall radica en que al efectuarse este ejercicio se observaran, por ejemplo, grandes diferencias en la estacionalidad a nivel nacional y a nivel Gran Santiago, lo que produciría repercusiones acerca de su proyección futura.",Análisis de la inflación y expectativas inflacionarias,inflacion,inflación,inflacion,NO,NO,NO,Rol según lista de asistencia: Gerente de División Estudios,RPM-2010-02-11:2931:1,1,XLSX_ORIGINAL,NO,NO,RPM-2010-02-11:2931:B1,SIN_ALERTAS_AUTOMATICAS,,RPM-2010-02-11:T71,INICIO_EXPLICITO,,RPM-2010-02-11:2931:1
2931,RESEGMENTACION,0a414d26473f6596ce4286566f46bb2b3925f7261df2f3eb8b905d1fba47b412,Despues,4359,RPM-2010-02-11,2010-02-11 00:00:00,Enrique Marshall Rivera,Enrique Marshall Rivera,NO,Consejero,Consejero,NO,,Consejero,LISTA_ASISTENCIA,,SUJETO_ROL_NOMBRE,13,"El Consejero señor Marshall consulta si estos cambios metodológicos informados el año pasado ya están resueltos, de manera que no van a producirse sorpresas en esa materia,",Análisis de la inflación y expectativas inflacionarias,inflacion,inflación,inflacion,NO,NO,NO,Rol según lista de asistencia: Consejero,RPM-2010-02-11:2931:2,2,XLSX_ORIGINAL,NO,NO,RPM-2010-02-11:2931:B2,PENDIENTE_REVISION,FINAL_SIN_PUNTUACION,RPM-2010-02-11:T72,INICIO_EXPLICITO,,RPM-2010-02-11:2931:2
2931,RESEGMENTACION,0a414d26473f6596ce4286566f46bb2b3925f7261df2f3eb8b905d1fba47b412,Despues,4360,RPM-2010-02-11,2010-02-11 00:00:00,Enrique Marshall Rivera,Pablo García Silva,SI,Consejero,Gerente de División Estudios,SI,,Gerente de División Estudios,LISTA_ASISTENCIA,,CONTEXTO_REVISADO,13,"afirmando el señor Pablo García que ello es efectivo, considerando adicionalmente que el documento metodológico que el INE publicó para el IPC nacional es prácticamente idéntico al que difundió hace un año atrás para el IPC del Gran Santiago.",Análisis de la inflación y expectativas inflacionarias,inflacion,inflación,inflacion,NO,NO,NO,Hablante por contexto documentado: HAB-20260908-L29-2931-484 (data/curation/revisiones_hablantes.json; no cotejo PDF); Rol según lista de asistencia: Gerente de División Estudios,RPM-2010-02-11:2931:3,3,XLSX_ORIGINAL,NO,NO,RPM-2010-02-11:2931:B3,SIN_ALERTAS_AUTOMATICAS,,RPM-2010-02-11:T73,SIN_CONTINUIDAD_CONFIRMADA,,
3044,RESEGMENTACION,03a220efc41d58e1d273a951bc323c7d17c855bcdad471a5ebdf580a5a21a1ea,Antes,4530,RPM-2010-04-15,2010-04-15 00:00:00,Manuel Marfán Lewis,Manuel Marfán Lewis,NO,Vicepresidente del Banco Central,Vicepresidente del Banco Central,NO,,Vicepresidente del Banco Central,LISTA_ASISTENCIA,,SUJETO_ROL_NOMBRE,8,"El Vicepresidente, señor Manuel Marfán, comenta que eso ocurre todos los años, ya que es parte del sistema de recaudación de impuestos, replicando el señor Vergara que el año pasado hubo una política específica de postergación de pagos, esto es, la baja de los PPM transitoria. El señor Marfán agrega que ello no debiera afectar los ingresos estructurales, ya que el PPM solo es un pago adelantado de impuestos, por lo que si se ajusta a la baja, la operación renta siguiente se compensa totalmente.",Análisis macroeconómico y discusión de política monetaria,debate,discusión monetaria,debate,NO,NO,NO,Rol según lista de asistencia: Vicepresidente del Banco Central,RPM-2010-04-15:3044:1,1,XLSX_ORIGINAL,NO,NO,RPM-2010-04-15:3044:B1,SIN_ALERTAS_AUTOMATICAS,,RPM-2010-04-15:T28,INICIO_EXPLICITO,,RPM-2010-04-15:3044:1
3044,RESEGMENTACION,03a220efc41d58e1d273a951bc323c7d17c855bcdad471a5ebdf580a5a21a1ea,Despues,4531,RPM-2010-04-15,2010-04-15 00:00:00,Manuel Marfán Lewis,Manuel Marfán Lewis,NO,Vicepresidente del Banco Central,Vicepresidente del Banco Central,NO,,Vicepresidente del Banco Central,LISTA_ASISTENCIA,,SUJETO_ROL_NOMBRE,8,"El Vicepresidente, señor Manuel Marfán, comenta que eso ocurre todos los años, ya que es parte del sistema de recaudación de impuestos,",Análisis macroeconómico y discusión de política monetaria,debate,discusión monetaria,debate,NO,NO,NO,Rol según lista de asistencia: Vicepresidente del Banco Central,RPM-2010-04-15:3044:1,1,XLSX_ORIGINAL,NO,NO,RPM-2010-04-15:3044:B1,PENDIENTE_REVISION,FINAL_SIN_PUNTUACION,RPM-2010-04-15:T28,INICIO_EXPLICITO,,RPM-2010-04-15:3044:1
3044,RESEGMENTACION,03a220efc41d58e1d273a951bc323c7d17c855bcdad471a5ebdf580a5a21a1ea,Despues,4532,RPM-2010-04-15,2010-04-15 00:00:00,Manuel Marfán Lewis,Rodrigo Vergara Montes,SI,Vicepresidente del Banco Central,Consejero,SI,,Consejero,LISTA_ASISTENCIA,,CONTEXTO_REVISADO,8,"replicando el señor Vergara que el año pasado hubo una política específica de postergación de pagos, esto es, la baja de los PPM transitoria.",Análisis macroeconómico y discusión de política monetaria,debate,discusión monetaria,debate,NO,NO,NO,Hablante por contexto documentado: HAB-20260908-L29-3044-136 (data/curation/revisiones_hablantes.json; no cotejo PDF); Rol según lista de asistencia: Consejero,RPM-2010-04-15:3044:2,2,XLSX_ORIGINAL,NO,NO,RPM-2010-04-15:3044:B2,SIN_ALERTAS_AUTOMATICAS,,RPM-2010-04-15:T29,SIN_CONTINUIDAD_CONFIRMADA,,
3044,RESEGMENTACION,03a220efc41d58e1d273a951bc323c7d17c855bcdad471a5ebdf580a5a21a1ea,Despues,4533,RPM-2010-04-15,2010-04-15 00:00:00,Manuel Marfán Lewis,Manuel Marfán Lewis,NO,Vicepresidente del Banco Central,Vicepresidente del Banco Central,NO,,Vicepresidente del Banco Central,LISTA_ASISTENCIA,,SUJETO_NOMBRE,8,"El señor Marfán agrega que ello no debiera afectar los ingresos estructurales, ya que el PPM solo es un pago adelantado de impuestos, por lo que si se ajusta a la baja, la operación renta siguiente se compensa totalmente.",Análisis macroeconómico y discusión de política monetaria,debate,discusión monetaria,debate,NO,NO,NO,Rol según lista de asistencia: Vicepresidente del Banco Central,RPM-2010-04-15:3044:3,3,XLSX_ORIGINAL,NO,NO,RPM-2010-04-15:3044:B3,SIN_ALERTAS_AUTOMATICAS,,RPM-2010-04-15:T30,INICIO_EXPLICITO,,RPM-2010-04-15:3044:3
3045,ADVERTENCIA_SIN_REASIGNACION,36d6c3323db19071a1b04c09193abe8cc45a6f40db189b58138757b2b70c6aaa,Antes,4531,RPM-2010-04-15,2010-04-15 00:00:00,Sebastián Claro Edwards,Sebastián Claro Edwards,NO,Consejero,Consejero,NO,,Consejero,LISTA_ASISTENCIA,,SUJETO_ROL_NOMBRE,9,"El Consejero señor Sebastián Claro indica que, a su entender, el bottom fine de la discusión es que el presupuesto para este año, aprobado en septiembre del año pasado, se aprobó con un superávit estructural de cero y que dado este carry over de gasto, iba a ser- 1,2%. Comenta que si sobre eso hay un paquete fiscal y un ajuste de brecha de producto, entonces el déficit estructural es de 2,7% Yque el efecto de este carry over de gastos oscila entre Oy -1,2%.",Situación fiscal y coordinación macroeconómica,politica_fiscal,política fiscal,politica_fiscal,NO,NO,NO,Rol según lista de asistencia: Consejero,RPM-2010-04-15:3045:1,1,XLSX_ORIGINAL,NO,NO,RPM-2010-04-15:3045:B1,SIN_ALERTAS_AUTOMATICAS,,RPM-2010-04-15:T29,INICIO_EXPLICITO,,RPM-2010-04-15:3045:1
3045,ADVERTENCIA_SIN_REASIGNACION,36d6c3323db19071a1b04c09193abe8cc45a6f40db189b58138757b2b70c6aaa,Despues,4534,RPM-2010-04-15,2010-04-15 00:00:00,Sebastián Claro Edwards,Sebastián Claro Edwards,NO,Consejero,Consejero,NO,,Consejero,LISTA_ASISTENCIA,,SUJETO_ROL_NOMBRE,9,"El Consejero señor Sebastián Claro indica que, a su entender, el bottom fine de la discusión es que el presupuesto para este año, aprobado en septiembre del año pasado, se aprobó con un superávit estructural de cero y que dado este carry over de gasto, iba a ser- 1,2%. Comenta que si sobre eso hay un paquete fiscal y un ajuste de brecha de producto, entonces el déficit estructural es de 2,7% Yque el efecto de este carry over de gastos oscila entre Oy -1,2%.",Situación fiscal y coordinación macroeconómica,politica_fiscal,política fiscal,politica_fiscal,NO,NO,NO,Rol según lista de asistencia: Consejero,RPM-2010-04-15:3045:1,1,XLSX_ORIGINAL,NO,NO,RPM-2010-04-15:3045:B1,PENDIENTE_REVISION,TEXTO_DANADO_POR_COTEJAR,RPM-2010-04-15:T31,INICIO_EXPLICITO,,RPM-2010-04-15:3045:1
5003,RESEGMENTACION,7661ea8389b101d2a64f958f23cbfe1a7cd21c9b9234476bd2570a3884395c5a,Antes,7006,RPM-2012-08-16,2012-08-16 00:00:00,Rodrigo Vergara Montes,Rodrigo Vergara Montes,NO,Presidente del Banco Central,Presidente del Banco Central,NO,,Presidente del Banco Central,LISTA_ASISTENCIA,,SUJETO_ROL_NOMBRE,15,"El Presidente señor Rodrigo Vergara, en relación con lo expuesto, hace presente que el gas registró una fuerte baja recientemente, consignando el señor Claudio Soto que el perfil estacional de la gasolina debería subir y que en cuanto al gas, Metrogas anunció una baja de precios, la que no tiene mayor incidencia, porque beneficiará solo a una parte de la población que utiliza gas de cañería. A continuación,.",Análisis de la inflación y expectativas inflacionarias,inflacion,inflación,inflacion,NO,NO,NO,Rol según lista de asistencia: Presidente del Banco Central,RPM-2012-08-16:5003:1,1,XLSX_ORIGINAL,NO,NO,RPM-2012-08-16:5003:B1,SIN_ALERTAS_AUTOMATICAS,,RPM-2012-08-16:T30,INICIO_EXPLICITO,,RPM-2012-08-16:5003:1
5003,RESEGMENTACION,7661ea8389b101d2a64f958f23cbfe1a7cd21c9b9234476bd2570a3884395c5a,Despues,7009,RPM-2012-08-16,2012-08-16 00:00:00,Rodrigo Vergara Montes,Rodrigo Vergara Montes,NO,Presidente del Banco Central,Presidente del Banco Central,NO,,Presidente del Banco Central,LISTA_ASISTENCIA,,SUJETO_ROL_NOMBRE,15,"El Presidente señor Rodrigo Vergara, en relación con lo expuesto, hace presente que el gas registró una fuerte baja recientemente,",Análisis de la inflación y expectativas inflacionarias,inflacion,inflación,inflacion,NO,NO,NO,Rol según lista de asistencia: Presidente del Banco Central,RPM-2012-08-16:5003:1,1,XLSX_ORIGINAL,NO,NO,RPM-2012-08-16:5003:B1,PENDIENTE_REVISION,FINAL_SIN_PUNTUACION,RPM-2012-08-16:T30,INICIO_EXPLICITO,,RPM-2012-08-16:5003:1
5003,RESEGMENTACION,7661ea8389b101d2a64f958f23cbfe1a7cd21c9b9234476bd2570a3884395c5a,Despues,7010,RPM-2012-08-16,2012-08-16 00:00:00,Rodrigo Vergara Montes,Claudio Soto Gamboa,SI,Presidente del Banco Central,Gerente de Análisis Macroeconómico,SI,,Gerente de Análisis Macroeconómico,LISTA_ASISTENCIA,,CONTEXTO_REVISADO,15,"consignando el señor Claudio Soto que el perfil estacional de la gasolina debería subir y que en cuanto al gas, Metrogas anunció una baja de precios, la que no tiene mayor incidencia, porque beneficiará solo a una parte de la población que utiliza gas de cañería. A continuación,.",Análisis de la inflación y expectativas inflacionarias,inflacion,inflación,inflacion,NO,NO,NO,Hablante por contexto documentado: HAB-20260908-L29-5003-131 (data/curation/revisiones_hablantes.json; no cotejo PDF); Rol según lista de asistencia: Gerente de Análisis Macroeconómico,RPM-2012-08-16:5003:2,2,XLSX_ORIGINAL,NO,NO,RPM-2012-08-16:5003:B2,SIN_ALERTAS_AUTOMATICAS,,RPM-2012-08-16:T31,SIN_CONTINUIDAD_CONFIRMADA,,
5004,ENLACE_CONTINUIDAD_REVISADO,a4cb900b3abaee92ba1f29fbf4a002432cbe9a508ce32920a571f82e204c37b6,Antes,7007,RPM-2012-08-16,2012-08-16 00:00:00,Claudio Soto Gamboa,Claudio Soto Gamboa,NO,Gerente de Análisis Macroeconómico,Gerente de Análisis Macroeconómico,NO,,Gerente de Análisis Macroeconómico,LISTA_ASISTENCIA,,SUJETO_NOMBRE,15,"el señor Claudio Soto señala que los precios internacionales tienen una incidencia muy relevante en los costos de los alimentos no perecibles, que se traducirán en alzas en los precios nacionales. Añade que los precios de frutas y verduras mantendrán un nivel elevado en lo que resta del año. En razón de lo expuesto, manifiesta que la inflación llegaría a 2,3% en el mes de diciembre próximo, con una incidencia muy importante de alimentos y no transables, mientras que la energía, a pesar de estas alzas esperadas en los precios de las gasolinas, tendría una contribución negativa en la variación interanual. El señor Claudio Soto destaca que un escenario de riesgo que está implícito en la proyección interna es que esta es mayor que la que se deriva de los modelos estadísticos y de los seguros de inflación. Al respecto, indica que estos últimos están marginalmente por debajo de 2%, pero que de mantenerse el alza en los precios de combustibles, podría observarse una reversión adicional de las proyecciones privadas. Agrega que en la proyección interna no se ha incorporado una baja del impuesto de timbres y estampillas, y que se desconoce la medida en que el mercado la ha incorporado en su proyección de corto plazo. Hace presente también que las expectativas de inflación a mediano plazo se mantienen estables en torno a la meta y que ello está implícito tanto en las compensaciones inflacionarias forward, ya que los swaps están 1 a 1 al igual que los bonos, como en las Encuestas de Expectativas. El señor Claudio destaca el importante descenso que ha registrado la bolsa local, que fue mucho mayor que en otras plazas del mundo. Por otra parte, plantea que las tasas reales exhibieron alzas importantes durante el mes, pero que retrocedieron en las últimas semanas junto con un aumento en las expectativas de inflación. Hace notar que ello es coherente con mantener las tasas nominales que inicialmente tendieron a bajar levemente, pero que se revirtieron una vez conocidos los datos de IMACEC, de inflación y también los registros más positivos del mundo. Agrega que con ello, la curva forward se corrigió al alza e indica solo un recorte de la Tasa de Política Monetaria. En materia de encuestas, señala que la Encuesta de Expectativas Económicas no refleja cambio alguno en la tasa rectora hasta mediados del año 2014, en tanto que la Encuesta de los Operadores Financieros contempla una reducción que se revierte hacia fines de ese mismo año. Por último, informa que para esta Reunión el mercado estima mayoritariamente que se mantendrá la Tasa de Política Monetaria y que solo una fracción muy pequeña de analistas piensa que podría acordarse una baja de esa tasa. Añade que para el mes de septiembre, la gran mayoría estima que la TPM no registrará movimiento y que, de hecho, la mediana está en 5% hasta el término del año 2014.",Evolución de mercados financieros y tipo de cambio,mercados_financieros,mercados financieros,mercados_financieros,NO,NO,NO,Rol según lista de asistencia: Gerente de Análisis Macroeconómico,RPM-2012-08-16:5004:1,1,XLSX_ORIGINAL,NO,NO,RPM-2012-08-16:5004:B1,SIN_ALERTAS_AUTOMATICAS,,RPM-2012-08-16:T31,INICIO_EXPLICITO,,RPM-2012-08-16:5004:1
5004,ENLACE_CONTINUIDAD_REVISADO,a4cb900b3abaee92ba1f29fbf4a002432cbe9a508ce32920a571f82e204c37b6,Despues,7011,RPM-2012-08-16,2012-08-16 00:00:00,Claudio Soto Gamboa,Claudio Soto Gamboa,NO,Gerente de Análisis Macroeconómico,Gerente de Análisis Macroeconómico,NO,,Gerente de Análisis Macroeconómico,LISTA_ASISTENCIA,,SUJETO_NOMBRE,15,"el señor Claudio Soto señala que los precios internacionales tienen una incidencia muy relevante en los costos de los alimentos no perecibles, que se traducirán en alzas en los precios nacionales. Añade que los precios de frutas y verduras mantendrán un nivel elevado en lo que resta del año. En razón de lo expuesto, manifiesta que la inflación llegaría a 2,3% en el mes de diciembre próximo, con una incidencia muy importante de alimentos y no transables, mientras que la energía, a pesar de estas alzas esperadas en los precios de las gasolinas, tendría una contribución negativa en la variación interanual. El señor Claudio Soto destaca que un escenario de riesgo que está implícito en la proyección interna es que esta es mayor que la que se deriva de los modelos estadísticos y de los seguros de inflación. Al respecto, indica que estos últimos están marginalmente por debajo de 2%, pero que de mantenerse el alza en los precios de combustibles, podría observarse una reversión adicional de las proyecciones privadas. Agrega que en la proyección interna no se ha incorporado una baja del impuesto de timbres y estampillas, y que se desconoce la medida en que el mercado la ha incorporado en su proyección de corto plazo. Hace presente también que las expectativas de inflación a mediano plazo se mantienen estables en torno a la meta y que ello está implícito tanto en las compensaciones inflacionarias forward, ya que los swaps están 1 a 1 al igual que los bonos, como en las Encuestas de Expectativas. El señor Claudio destaca el importante descenso que ha registrado la bolsa local, que fue mucho mayor que en otras plazas del mundo. Por otra parte, plantea que las tasas reales exhibieron alzas importantes durante el mes, pero que retrocedieron en las últimas semanas junto con un aumento en las expectativas de inflación. Hace notar que ello es coherente con mantener las tasas nominales que inicialmente tendieron a bajar levemente, pero que se revirtieron una vez conocidos los datos de IMACEC, de inflación y también los registros más positivos del mundo. Agrega que con ello, la curva forward se corrigió al alza e indica solo un recorte de la Tasa de Política Monetaria. En materia de encuestas, señala que la Encuesta de Expectativas Económicas no refleja cambio alguno en la tasa rectora hasta mediados del año 2014, en tanto que la Encuesta de los Operadores Financieros contempla una reducción que se revierte hacia fines de ese mismo año. Por último, informa que para esta Reunión el mercado estima mayoritariamente que se mantendrá la Tasa de Política Monetaria y que solo una fracción muy pequeña de analistas piensa que podría acordarse una baja de esa tasa. Añade que para el mes de septiembre, la gran mayoría estima que la TPM no registrará movimiento y que, de hecho, la mediana está en 5% hasta el término del año 2014.",Evolución de mercados financieros y tipo de cambio,mercados_financieros,mercados financieros,mercados_financieros,NO,NO,NO,Rol según lista de asistencia: Gerente de Análisis Macroeconómico,RPM-2012-08-16:5004:1,1,XLSX_ORIGINAL,NO,NO,RPM-2012-08-16:5004:B1,SIN_ALERTAS_AUTOMATICAS,,RPM-2012-08-16:T31,CONTINUIDAD_REVISADA,RPM-2012-08-16:5003:2,RPM-2012-08-16:5004:1
