ID_Padre,SHA256_Texto_Padre,Fecha,IDs_Antes,Actores_Antes,ID_Actual,Actor_Actual,Fuente_Actor,ID_Turno,Relacion_Turno,Alertas_Actuales,Texto_Actual
219,2c50da93f36422325838d10674bc4d7f4845066b9b44d895ff31457d335fb7c7,2005-04-07,258;259,Vittorio Corbo Lioi;Consejo del Banco Central de Chile,258,Vittorio Corbo Lioi,SUJETO_ROL_NOMBRE,RPM-2005-04-07:T55,INICIO_EXPLICITO,,"El Presidente señor Vittorio Corbo señala que se suma a las felicitaciones ya expresadas, por el muy buen trabajo realizado por la Gerencia de División Estudios. Indica que en la economía nacional, las cifras siguen confirmando un escenario de crecimiento y de inflación similar al presentado en el último Informe de Política Monetaria. En particular, la aceleración en el crecimiento que habíamos observado en el último trimestre de! 2004 y los riesgos que enfrenta el mantenimiento de altos precios del petróleo y aquellos que enfrenta la economía mundial hacen menos probable una aceleración del crecimiento interno. De hecho, aunque las proyecciones de crecimiento de la economía mundial presentadas por el staff siguen mostrando un escenario central donde el crecimiento para los años 2005 y 2006 se mantiene favorable, aunque con tasas de crecimiento un poco más bajas que las del 2004, dicho escenario enfrenta riesgos que están principalmente sesgados a la baja. Éstos están asociados al mantenimiento de altos precios del petróleo - y bastante más altos de los utilizados en la mayor parte de las proyecciones- y a un mayor riesgo de un aumento de tasas en Estados Unidos de América por encima del que anticipa el mercado y los principales precios de los activos financieros. De otra parte, las distintas medidas de inflación subyacente continúan acelerándose en el margen. En paralelo, el pronunciado aumento en el precio del petróleo requiere ser muy cauto para evitar efectos de segunda vuelta en precios distintos de los combustibles. Para esto último, es fundamental la credibilidad de los agentes con respecto al compromiso central del Banco Central con la meta de inflación. Por lo anterior, lo más adecuado es continuar el proceso de normalización de la política monetaria efectuando otro aumento de 25 puntos base en dicha tasa. Por todo lo anterior su voto también es por aumentar en 25 puntos base la tasa de política."
219,2c50da93f36422325838d10674bc4d7f4845066b9b44d895ff31457d335fb7c7,2005-04-07,258;259,Vittorio Corbo Lioi;Consejo del Banco Central de Chile,259,Consejo del Banco Central de Chile,ACTA/META,RPM-2005-04-07:T56,INSTITUCIONAL,,"En mérito de lo anterior, el Consejo, por la unanimidad de sus miembros, adopta el siguiente Acuerdo: 76-01-050407-Tasa de Política Monetaria. Se acuerda aumentar la tasa de interés de política monetaria en 25 puntos base hasta 3% anual. Comunicado “ En su reunión mensual de política monetaria, el Consejo del Banco Central resolvió, por unanimidad, aumentar la tasa de interés de política monetaria en 25 puntos base hasta 3% anual. La información disponible muestra que el gasto continúa exhibiendo una expansión robusta, en tanto que el crecimiento de la actividad sigue siendo sólido, aunque con una intensidad un poco menor que en trimestres pasados. Este escenario se ve apoyado por condiciones monetarias en Chile que continúan siendo claramente expansivas y por un entorno internacional favorable, pero cuyos riesgos se han incrementado. La información de precios más reciente indica que las distintas mediciones de la tendencia inflacionaria actual han seguido aumentando gradualmente, en línea con las proyecciones del último Informe de Política Monetaria. A ello se agrega cierta volatilidad en la inflación mensual, provocada por los aumentos en el precio internacional del petróleo a través de efectos directos y de precios regulados, situación que probablemente se mantenga en el corto plazo. La tendencia de la inflación y el estímulo monetario actual hacen recomendable aumentar la tasa de interés de política. Este ajuste reduce el riesgo de movimientos abruptos en el futuro y es coherente con el proceso de normalización de la política monetaria y las buenas perspectivas de la economía nacional. El Consejo reitera su compromiso de ajustar la política monetaria de manera de mantener una trayectoria para la inflación esperada en torno a 3% anual en el horizonte habitual de política de 12 a 24 meses. En el escenario más probable, esto involucra aumentos pausados de la tasa de política."""
294,8f881e1fbf3705df4784fd5ffd1bb3763558de7f072fa61ff9a36ac9a899d9e7,2005-06-09,353;354,Vittorio Corbo Lioi;Consejo del Banco Central de Chile,353,Vittorio Corbo Lioi,SUJETO_ROL_NOMBRE,RPM-2005-06-09:T34,INICIO_EXPLICITO,,"El Presidente señor Vittorio Corbo, señala que también comparte la evaluación de la Gerencia de División Estudios, y cree que las opciones de política que han presentado describen muy bien la situación que enfrentamos hoy, destacando una situación externa que se mantiene favorable, pero a la vez con importantes riesgos, y una evolución de la actividad y el gasto coherente con el escenario central del IPOM. En paralelo, señala el señor Presidente la inflación subyacente ajustada por tarifas reguladas también evoluciona en forma coherente con nuestras proyecciones centrales. Agrega el señor Presidente, que de mantenerse este escenario en el tiempo, el continuo progreso en el estrechamiento de las holguras de capacidad, debería contribuir al aumento paulatino de la inflación. En estas circunstancias, la convergencia de la inflación hacia el centro del rango meta en el escenario habitual de proyección, requiere el retiro paulatino del excesivo estímulo monetario lo que es parte integral de nuestras proyecciones en el último IPOM. Por lo anterior, también se pronuncia por mantener la tasa de política y, de esta forma, continuar con la normalización pausada de la política monetaria."
294,8f881e1fbf3705df4784fd5ffd1bb3763558de7f072fa61ff9a36ac9a899d9e7,2005-06-09,353;354,Vittorio Corbo Lioi;Consejo del Banco Central de Chile,354,Consejo del Banco Central de Chile,ACTA/META,RPM-2005-06-09:T35,INSTITUCIONAL,,"En mérito de lo anterior, el Consejo, por la unanimidad de sus miembros, adopta el siguiente Acuerdo: 79-01-050609 - Tasa de Política Monetaria. En su reunión mensual de política monetaria, el Consejo del Banco Central resolvió, por unanimidad, mantener la tasa de interés de política monetaria en 3,25% anual. Siendo las 16.30 hrs. se retiran de la Sala el señor Ministro de Hacienda, señor Nicolás Eyzaguirre Guzmán y la Asesora Macroeconómica del Ministerio de Hacienda, señora Bernardita Piedrabuena Keymer. Comunicado “En su reunión mensual de política monetaria, el Consejo del Banco Central resolvió, por unanimidad, mantener la tasa de interés de política monetaria en 3,25%. La información disponible muestra que la inflación y la actividad económica exhiben un comportamiento coherente con el panorama previsto en el último Informe de Política Monetaria. El crecimiento del producto sigue siendo superior a su tendencia, apoyado por un entorno internacional favorable y por condiciones monetarias en Chile que continúan siendo claramente expansivas. En línea con lo previsto, la tendencia inflacionaria sigue aumentando gradualmente, no obstante los vaivenes que originan los cambios de los precios de los combustibles y algunas tarifas reguladas sobre la inflación del IPC y del IPCX (que excluye los combustibles y bienes perecibles). Los costos laborales unitarios se mantienen contenidos, a pesar del mayor incremento de los salarios por hora. La decisión de mantener la Tasa de Política Monetaria en esta oportunidad no modifica la expectativa de reducción pausada del impulso monetario. El Consejo estima que esta estrategia permite alcanzar, en el escenario más probable, una inflación en torno a 3% anual en el horizonte habitual de política de 12 a 24 meses.”"
310,5307857369033ea9db7f617cbd4839a3e94aa677c2819954dcc81d0462a2ca09,2005-07-12,404;405;406,José De Gregorio Rebeco;Vittorio Corbo Lioi;Consejo del Banco Central de Chile,404,José De Gregorio Rebeco,SUJETO_ROL_NOMBRE,RPM-2005-07-12:T48,INICIO_EXPLICITO,,"El Vicepresidente, señor José De Gregorio, señala que la evolución de la economía es consistente con nuestro escenario central de IPOM, en materia de cumplimiento de la meta inflacionaria, el que a su vez sirve de sustento a la actual política de retirar gradualmente el impulso monetario expansivo. Señala que los riesgos, respecto al nivel de actividad se han ido disipando y en materia de crecimiento probablemente nos encontramos en la parte superior del rango estimado y no se puede descartar que incluso por arriba del mismo. Indica también que, por su parte, la evolución de la inflación habida cuenta del impacto del precio del petróleo, que ha sido la principal noticia negativa del escenario macro, las tarifas reguladas y el shock de bienes perecibles, es coherente con nuestra meta de inflación, en que se verá un IPC mayor al indicado en el IPOM, a fines de este año. Agrega el Consejero señor De Gregorio, que las presiones inflacionarias se encuentran acotadas, en particular dada la evolución de los costos laborales unitarios y que la inflación debería converger gradualmente al centro del rango meta, lo que requiere una gradual normalización de la tasa de interés hacia sus niveles de neutralidad. Asimismo, señala que la posibilidad de un escenario más dinámico, desde el punto de vista de la actividad, no cambia hoy día de manera significativa la evolución esperada de la inflación, aunque habrá que seguir cuidadosamente las potenciales presiones que puedan surgir en el futuro, para evaluar la necesidad de ajustar el actual ritmo de ajuste. Finalmente, expresa que por lo anterior, no ve razones para cambiar esta estrategia de política monetaria, ya sea en la dirección de acelerar el ritmo de alzas de tasas de interés o de hacerl o más pausado y, por lo tanto, tampoco cree que corresponda dar señales comunicacionales que desvíen de indicar claramente esta estrategia. Por último, el Vicepresidente señor De Gregorio manifiesta que, tal como ya ha sido señalado, mantener la tasa de interés sin cambio daría una confusa señal, indicando que la velocidad se habría reducido. Lo mismo se puede decir para un aumento de 50 puntos base, lo que reflejaría un innecesario aumento en la velocidad de normalización de tasas. Por lo tanto, considera que en esta reunión, después de haber mantenido la tasa el mes pasado, la decisión más adecuada es subir la tasa de interés en 25 puntos base y, en consecuencia, su voto es en tal sentido. U)"
310,5307857369033ea9db7f617cbd4839a3e94aa677c2819954dcc81d0462a2ca09,2005-07-12,404;405;406,José De Gregorio Rebeco;Vittorio Corbo Lioi;Consejo del Banco Central de Chile,405,Vittorio Corbo Lioi,SUJETO_ROL_NOMBRE,RPM-2005-07-12:T49,INICIO_EXPLICITO,,"El Presidente, señor Vittorio Corbo, manifiesta que como lo ilustra la Minuta de la Gerencia de División Estudios, los antecedentes disponibles muestran que el sólido crecimiento del producto continúa y supera nuestras proyecciones del último IPOM. De otra parte, por el lado de la demanda, la inversión se mantiene robusta, el consumo privado responde favorablemente a la mejora continua en el mercado laboral y a las buenas perspectivas económicas y, con la excepción de la minería, los volúmenes exportados muestran un sólido crecimiento. En el lado financiero, los agregados monetarios y las colocaciones -tanto a personas como a empresas- crecen a tasas anuales de dos dígitos y la Bolsa alcanza niveles récord. Este ciclo expansivo en el producto, la demanda y los mercados financieros, que está siendo impulsado por un entorno externo que se mantiene favorable, a pesar de los altos precios del petróleo, y condiciones monetarias que continúan siendo claramente expansivas, disipa los riesgos negativos sobre la proyección de crecimiento que visualizábamos en el último IPOM. Por el lado de la inflación, tanto la inflación efectiva como la proyectada para el resto del año del IPC y del IPCX se aumentan, impulsadas principalmente por los incrementos en el precio de los combustibles, en las tarifas reguladas, y en algunos bienes perecederos, los que no eran parte de nuestro escenario central del último IPOM. En contraste, la inflación del IPCX1 se incrementa hacia el centro del rango meta en línea con las proyecciones del último IPOM. A medida que progrese el proceso de cierre de brechas, la inflación del IPC (y sus variantes) debería continuar su ciclo ascendente. La combinación del cierre progresivo de brechas de capacidad con los shocks en los precios de combustibles, en las tarifas reguladas y en algunos bienes perecederos, aumenta los riesgos que los efectos de segunda vuelta sobre el IPC lleven a la inflación, en el horizonte de política, por sobre el centro del rango meta, aumentando también el riesgo que las expectativas de inflación comiencen a desviarse en forma sistemática de este nivel. En estas circunstancias, para mantener la inflación y las expectativas de ésta en torno al centro del rango meta en el horizonte habitual de proyección, corresponde continuar con el proceso de normalización de la política monetaria para llevarla progresivamente a un nivel más neutral. El ritmo que termine tomando este proceso va a depender de la forma en que evolucione la tendencia inflacionaria en los meses venideros. Por lo anterior, su voto es a favor de un alza de 25 puntos bases en la TPM."
310,5307857369033ea9db7f617cbd4839a3e94aa677c2819954dcc81d0462a2ca09,2005-07-12,404;405;406,José De Gregorio Rebeco;Vittorio Corbo Lioi;Consejo del Banco Central de Chile,406,Consejo del Banco Central de Chile,ACTA/META,RPM-2005-07-12:T50,INSTITUCIONAL,,"En mérito de lo anterior, el Consejo, por la unanimidad de sus miembros, adopta el siguiente Acuerdo: 80-01-050712-T a s a de Política Monetaria. En su reunión mensual de política monetaria, el Consejo del Banco Central acordó aumentar la tasa de interés de política monetaria en 25 puntos base, hasta 3,5% anual. Comunicado “ En su reunión mensual de política monetaria, el Consejo del Banco Central acordó aumentar la tasa de interés de política monetaria en 25 puntos base, hasta 3,5% anual. La información disponible muestra que el crecimiento de la actividad sigue siendo superior a su tendencia, apoyado por condiciones monetarias en Chile que continúan siendo claramente expansivas y por un entorno internacional favorable, pese a los elevados precios del petróleo. La inversión ha seguido creciendo con inesperado vigor, mientras el empleo ha aumentado a tasas elevadas, lo que favorece el dinamismo del consumo. La inflación mensual del IPC ha sido mayor que lo proyectado en el último Informe de Política Monetaria, por la incidencia de alzas en los precios de los combustibles, de ciertas tarifas reguladas y en los precios de algunos bienes perecibles. Sin embargo, la tendencia inflacionaria sigue aumentando gradualmente, en linea con lo previsto. El Consejo reitera su compromiso de conducir la política monetaria de manera de mantener una trayectoria para la inflación esperada en torno a 3% anual en el horizonte habitual de política de 12 a 24 meses.”"
503,c36eb48257e5350bb9c5e5406fbbb80d69b55e61a618f1ef6a877cd46913f664,2005-11-10,603,Vittorio Corbo Lioi,603,Vittorio Corbo Lioi,SUJETO_ROL_NOMBRE,RPM-2005-11-10:T54,INICIO_EXPLICITO,,"El Presidente señor Vittorio Corbo, expresa que la economía mundial mantiene un alto dinamismo, aunque los riesgos han aumentado especialmente en el lado de la inflación cuando se saca un saldo en la inflación efectiva que amenaza con desanclar las expectativas de inflación, las favorables condiciones externas y una política monetaria que sigue siendo expansiva resulta del crecimiento del producto mayor a su potencial. En paralelo, el mercado laboral continúa mostrando alto dinamismo y la tasa de desempleo sigue cayendo. Este cuadro macro está asociado a un gasto interno que mantiene un alto dinamismo liderado por la inversión de capital fijo y, en menor medida, por un fortalecimiento del consumo y una inflación subyacente, que tal como se prevé en el Informe de Política Monetaria de septiembre, se acerca gradualmente al centro del rango meta, aunque a un ritmo menor de lo proyectado. Por otra parte, como resultado en gran medida de shocks de precios de combustibles y de algunos bienes perecibles, la inflación se acelera, superando ya el limite más alto del rango meta. Señala el señor Presidente, que hasta ahora no hay evidencia de que la mayor inflación observada esté teniendo efectos de segunda vuelta en otros precios ni que esté afectando a las medidas de expectativas de inflación en periodos mayores a 12 meses. Le parece que la alta competencia, las utilidades empresariales elevadas y las variaciones acotadas en los costos laborales unitarios protegen, hasta ahora, que se materialicen efectos de segunda vuelta que puedan terminar afectando a la tendencia inflacionaria. Sin embargo, en una economía donde el producto crece por encima de su potencial y con un mercado laboral dinámico, existe el riesgo que el mantenimiento por algunos meses de tasas de inflación por encima del límite superior del rango meta, pueda terminar afectando en forma más duradera la tendencia inflacionaria y desanclar las expectativas de inflación. En estas circunstancias, estima que el Banco Central de Chile necesita mantenerse atento para evitar que la inflación de tendencia termine alejándose en forma más persistente del centro del rango meta. Consecuente con esta situación, lo apropiado es seguir normalizando gradualmente la política monetaria para que se mantenga el proceso de crecimiento sostenido y la inflación de tendencia anclada en torno al centro del rango meta. Indica, asimismo, que con esta estrategia se reduce también la probabilidad de tener que introducir un alza de la tasa de política monetaria de mayor magnitud en el futuro y también con costos más pronunciados. Por todo lo anterior, su voto también es por subir la tasa de política monetaria en 25 puntos base."
503,c36eb48257e5350bb9c5e5406fbbb80d69b55e61a618f1ef6a877cd46913f664,2005-11-10,603,Vittorio Corbo Lioi,604,Consejo del Banco Central de Chile,ACTA/META,RPM-2005-11-10:T55,INSTITUCIONAL,,"En mérito de lo anterior, el Consejo, por la unanimidad de sus miembros, adopta el siguiente Acuerdo: 85-01-051110-T a sa de Política monetaria."
526,5c87ccf649bc2eaba65852ad9c41c7c7655e7a1daaf9ce304dabf3c0feab5967,2005-12-13,665;666,Vittorio Corbo Lioi;Consejo del Banco Central de Chile,666,Vittorio Corbo Lioi,SUJETO_NOMBRE,RPM-2005-12-13:T61,INICIO_EXPLICITO,,"El Presidente señor Vittorio Corbo, una vez más felicita a la Gerencia de División Estudios por su valiosa y clara presentación de opciones de política. Manifiesta el señor Corbo que los antecedentes acumulados desde la última Reunión de Política Monetaria indican que el escenario externo central ha mejorado en el margen y sus riesgos se han moderado. Esto es un reflejo de mejores cifras de crecimiento en Estados Unidos de América, China y Japón y mejores perspectivas de crecimiento de la zona Euro, de una relativa normalización en los precios de los combustibles, y del nuevo aumento en el precio del cobre. Además, las condiciones financieras internacionales siguen siendo favorables. De otra parte, los menores registros inflacionarios de octubre y una inflación subyacente estable reducen los aumentos esperados de tasas en Estados Unidos de América. Sin embargo, el inicio del ciclo de normalización de la política monetaria llega a la zona Euro y se ve ahora más próximo en Japón. Esto anticipa que los anormalmente bajos spreads soberanos y las muy bajas tasas de interés internacionales debieran aumentar en el 2006. En el frente interno, la demanda interna sigue mostrando un sólido dinamismo mientras que la actividad muestra una cierta desaceleración en el margen. El mercado laboral muestra menos dinamismo en el margen, pero a la par disminuye la tasa de participación, aumenta la tasa de crecimiento de los salarios nominales por hora y baja la tasa de desempleo. En el frente inflacionario interno, la inflación mensual del IPC cae a niveles negativos, su proyección de corto plazo se reduce y no hay evidencia que la mayor inflación observada en meses recientes esté teniendo efectos importantes de segunda vuelta en otros precios ni que esté afectando las medidas de expectativas de inflación a períodos de 12 meses y más. De hecho, la inflación desestacionalizada y anualizada del IPCX1 se ha mantenido en los últimos cinco meses en torno al 3%, algo por debajo de la proyectado en el último IPoM, en tanto que el resto de las medidas de tendencia inflacionaria detuvo su aumento. Además, la mayoría de las medidas de expectativas de inflación a plazos de un año convergen al 3%. En el corto plazo están presente tres factores que en términos netos tienden a mantener la inflación acotada. De una parte, los precios de los combustibles detuvieron su carrera alcista, y el peso experimenta una apreciación real y nominal, mientras que, de otra parte, los costos laborales unitarios aumentan su tasa de crecimiento aunque a partir de valores muy bajos. Dado que se ha reducido significativamente el riesgo de un desanclaje de las expectativas, lo que corresponde es regresar a una dinámica de TPMs más acorde con el escenario que teníamos en el último IPoM y, por lo tanto, hacer esta vez una pausa en el proceso de normalización de la política monetaria. Esto permitirá también acumular nuevos antecedentes sobre el dinamismo de la actividad, la trayectoria de las brechas de capacidad y las tendencias inflacionarias, y así tener más elementos para poder calibrar la normalización de la política monetaria de modo que la inflación converja al centro del rango meta en el horizonte habitual de política. Por lo anterior, su voto es también por el mantenimiento de la tasa de política monetaria."
526,5c87ccf649bc2eaba65852ad9c41c7c7655e7a1daaf9ce304dabf3c0feab5967,2005-12-13,665;666,Vittorio Corbo Lioi;Consejo del Banco Central de Chile,667,Consejo del Banco Central de Chile,ACTA/META,RPM-2005-12-13:T62,INSTITUCIONAL,,"En mérito de lo anterior, el Consejo, por la unanimidad de sus miembros, adopta el siguiente Acuerdo: En su reunión mensual de política monetaria, el Consejo del Banco Central de Chile acordó mantener la tasa de interés de política monetaria en 4,5% anual. III. Comunicado “En su reunión mensual de política monetaria, el Consejo del Banco Central de Chile acordó mantener la tasa de interés de política monetaria en 4,5% anual. El entorno externo relevante para la economía chilena sigue siendo muy favorable y se han atenuado algunos de los riesgos identificados en los últimos meses. El precio del cobre ha aumentado nuevamente y las condiciones financieras internacionales continúan siendo propicias. En Chile, las condiciones financieras continúan siendo expansivas. La expansión reciente de la actividad es menor que en meses pasados, pero en términos anuales continúa en torno a sus valores de tendencia. La demanda interna sigue creciendo con vigor y aunque la creación de empleo se ha moderado, la tasa de desempleo sigue disminuyendo. La inflación anual del IPC y su proyección de corto plazo han descendido, influidas por la rápida normalización del precio de los combustibles y la significativa apreciación del peso. Las medidas de inflación subyacente IPCX e IPCX1 (que excluyen combustibles, perecibles y algunos servicios regulados, entre otros) se mantienen bajo 3%. Otros indicadores de la tendencia inflacionaria y las distintas medidas de expectativas de inflación se encuentran bien ancladas."
594,545f96745fdc53223cf8677c88df62046e5e7c8a459ea9ebe172cb128c7da7ea,2006-02-09,760;761,Vittorio Corbo Lioi;Consejo del Banco Central de Chile,761,Vittorio Corbo Lioi,SUJETO_ROL_NOMBRE,RPM-2006-02-09:T44,INICIO_EXPLICITO,,"El Presidente señor Vittorio Corbo, señala que una vez más felicita a la Gerencia de División Estudios por su valiosa y clara presentación de opciones de política y también agradece el material proporcionado por la Gerencia. Indica que, de acuerdo a los antecedentes presentados, las noticias acumuladas desde la última Reunión de Política Monetaria muestran que el entorno externo se mantiene boyante, mientras que en el interno el consumo privado mantiene su dinamismo, y el producto sigue creciendo por sobre el producto de tendencia. El buen escenario externo, se refleja en un precio del cobre que sigue marcando valores nominales históricos y condiciones financieras muy favorables, a pesar del progreso en la normalización de la política monetaria en Estados Unidos de América. En la parte negativa, el precio del petróleo ha aumentado como también su volatilidad, afectado por problemas geopolíticos en un mercado que se mantiene estrecho, lo que puede retardar su normalización. Indica el señor Presidente, que en el entorno interno, la actividad industrial se acelera, confirmando que el debilitamiento del tercer trimestre tuvo un importante componente transitorio. La minería también se acelera y sólo el comercio presenta signos de debilidad, que al parecer serían transitorios. En el lado de la demanda interna, tal como se preveía, se comienza a ver una desaceleración en el crecimiento de las ventas de automóviles nuevos y de maquinaria y equipos. En contraste, el consumo privado sigue dinámico apoyado por el continuo fortalecimiento del mercado laboral para los asalariados, y las buenas expectativas de los consumidores. Esta dinámica del consumo privado esta apoyada por el favorable escenario externo y condiciones financieras domésticas que se mantienen muy expansivas. En enero, las distintas medidas de inflación estuvieron por sobre lo proyectado debido a aumentos de precios de alimentos no perecibles, combustibles y precios regulados. En lo que se refiere a los costos laborales y los costos unitarios del trabajo estos siguieron aumentando su tasa de variación anual. La inflación anual superó el techo del rango meta y las medidas de tendencia inflacionaria se mantienen en torno al 3%. Además, las proyecciones de inflación de corto plazo se corrigen al alza. Señala el señor Presidente, que este conjunto de noticias muestra una economía que sigue expandiéndose a una tasa por encima de la estimación del crecimiento del producto de tendencia, con condiciones financieras muy expansivas, una inflación total anual por encima del rango meta, distintas medidas de tendencia inflacionaria que ya se ubican en torno al 3% y con una tasa de política monetaria muy por debajo de la tasa neutral. Con estos antecedentes, se incrementa el riesgo de que la inflación de tendencia se comience a alejar en forma persistente del centro del rango meta, y que termine por desanclar las expectativas de dicho centro. Este riesgo se ve exacerbado por los potenciales efectos de segunda vuelta de los aumentos de la inflación, sobre los patrones de ajuste de salarios y precios. Dado lo anterior, y consistente con el escenario central del último IPoM, el señor Presidente estima que lo prudente es continuar con el proceso de normalización de la política monetaria, para reducir el riesgo que la tendencia inflacionaria se aleje de manera persistente del centro del rango meta, y de esta forma contribuir a que este ciclo expansivo sea sustentable. Por esta razón, vota también por un aumento de 25 puntos base en la tasa de política monetaria."
594,545f96745fdc53223cf8677c88df62046e5e7c8a459ea9ebe172cb128c7da7ea,2006-02-09,760;761,Vittorio Corbo Lioi;Consejo del Banco Central de Chile,762,Consejo del Banco Central de Chile,ACTA/META,RPM-2006-02-09:T45,INSTITUCIONAL,,"En mérito de lo anterior, el Consejo, por la unanimidad de sus miembros, adopta el siguiente Acuerdo: 89-01-0602109 - Tasa de Política Monetaria. En su reunión mensual de política monetaria, el Consejo del Banco Central de Chile acordó aumentar la tasa de interés de política monetaria en 25 puntos base hasta 4,75% anual. Comunicado “En su reunión mensual de política monetaria, el Consejo del Banco Central acordó aumentar la tasa de interés de política monetaria en 25 puntos base hasta 4,75% anual. El entorno externo relevante para la economía chilena sigue siendo favorable, persistiendo un elevado precio del cobre y un propicio ambiente financiero internacional. En el país, las condiciones financieras siguen siendo expansivas. La demanda interna comienza a moderar su elevada tasa de crecimiento y la actividad continúa creciendo a un ritmo por encima de su tendencia. Ello reafirma que la desaceleración del producto observada durante el tercer trimestre del año pasado habría sido en parte transitoria, en línea con lo moderado su ritmo de expansión anual, la ocupación asalariada continúa creciendo con fuerza. La inflación anual se ubicó algo sobre 4% y las medidas de inflación subyacente IPCX e ÍPCX1 (que excluyen combustibles, perecibles y algunos servicios regulados, entre otros) ya se encuentran en torno a 3%. Pese a que se espera que la inflación anual continúe sobre 4% en el corto plazo, se mantiene la perspectiva de una convergencia hacia 3% en el curso de este año, coherente con el escenario central del último Informe de Política Monetaria. Otros indicadores de la tendencia inflacionaria y las distintas medidas de expectativas de inflación continúan bien ancladas en torno al centro del rango meta. El Consejo estima que, en el escenario más probable, continuará reduciendo pausadamente el estímulo monetario prevaleciente, de manera de mantener una trayectoria esperada para la inflación en torno a 3% anual en el horizonte habitual de política de 12 a 24 meses.”"
654,6a1f93cdb3885e7b9c1ef2721b64f2e9c8a3ae50bde5c5a5ea1619d71b8590d1,2006-04-13,871;872,Vittorio Corbo Lioi;Consejo del Banco Central de Chile,872,Vittorio Corbo Lioi,SUJETO_ROL_NOMBRE,RPM-2006-04-13:T73,INICIO_EXPLICITO,,"El Presidente señor Vittorio Corbo, agradece el trabajo del staff y señala que el entorno externo relevante de la economía chilena sigue siendo muy favorable, con una economía mundial que continúa mostrando un gran dinamismo -el que ahora es más balanceado entre los principales países industriales- y condiciones financieras que se mantienen auspiciosas. Esto ha llevado a un aumento de los riesgos de un repunte en la inflación y un alza más pronunciada de las tasas de interés de los países industriales. Agrega, que la evolución de la economía mundial ha sido especialmente dinámica en los países que son los principales consumidores de cobre (Estados Unidos de América, China y la India), lo que ha redundado en precios del cobre muy por encima de los proyectados. En paralelo, el precio del petróleo ha alcanzado niveles por encima de los ya altos precios proyectados. El efecto neto de estos aumentos de precios son mejores términos de intercambio de lo que se proyectaban hace algunos meses, los que ahora se proyectan también serían más duraderos. En el frente interno, la demanda modera su crecimiento y ahora crece de acuerdo a lo proyectado con apoyo sólido del buen entorno externo, el dinámico mercado laboral y condiciones financieras expansivas. En contraste, la actividad crece algo por debajo de lo proyectado, debido especialmente a problemas puntuales en algunos sectores específicos que debieran revertirse. Indica el señor Presidente, que en el frente inflacionario, hasta ahora los aumentos en los precios del petróleo y de otros productos primarios han repercutido principalmente en la inflación total sin tener efectos claros en las distintas medidas de tendencia inflacionaria, a pesar de las reducidas holguras de capacidad. Hace presente el señor Presidente, que de hecho, nuestras proyecciones de inflación IPCX1 han estado en línea con las proyecciones del último IPOM, las cuales consideran también que a medida que se sigan copando las brechas de capacidad será necesario continuar con el proceso de normalización de la política monetaria, para mantener la tendencia inflacionaria en torno al centro del rango meta. Además, dadas las reducidas brechas de capacidad, se incrementa el riesgo de shocks adicionales en los precios del petróleo que pueden terminar afectando la tendencia inflacionaria. Por lo anterior, estima que lo apropiado es continuar con el proceso de normalización pausada de la política monetaria que se presentó en el último IPOM. Basado en ello, su voto es también por otro aumento de 25 puntos base en la tasa de política monetaria."
654,6a1f93cdb3885e7b9c1ef2721b64f2e9c8a3ae50bde5c5a5ea1619d71b8590d1,2006-04-13,871;872,Vittorio Corbo Lioi;Consejo del Banco Central de Chile,873,Consejo del Banco Central de Chile,ACTA/META,RPM-2006-04-13:T74,INSTITUCIONAL,,"En mérito de lo anterior, el Consejo, por la unanimidad de sus miembros, adopta el siguiente Acuerdo: 91-01-060413 - Tasa de Política Monetaria. En su reunión mensual de política monetaria, el Consejo del Banco Central de Chile acordó aumentar la tasa de interés de política monetaria en 25 puntos base hasta 5% anual. Comunicado “ En su reunión mensual de política monetaria, el Consejo del Banco Central acordó aumentar la tasa de interés de política monetaria en 25 puntos base hasta 5% anual. El entorno externo relevante para la economía chilena sigue siendo muy favorable, con un precio del cobre considerablemente mayor a lo proyectado. En el primer trimestre de este año la demanda interna habría moderado su elevada tasa de crecimiento, en línea con el escenario de proyecciones del último Informe de Política Monetaria. En igual período, la actividad habría crecido algo menos de lo esperado, influida por el bajo desempeño circunstancial de algunos sectores. La creación de empleo ha vuelto a incrementar su ritmo de expansión anual y, en particular, la ocupación asalariada continúa creciendo con fuerza. A su vez, las condiciones financieras internas siguen siendo expansivas. La inflación ha continuado con una trayectoria similar a la esperada en el último Informe de Política Monetaria. Las medidas de inflación anual IPC e IPCX (que excluye combustibles y perecibles) se ubican transitoriamente en la parte alta del rango meta. Por su parte, tanto la inflación subyacente IPCX1 (que además excluye algunos servicios regulados), como otros indicadores de la tendencia inflacionaria, y las distintas medidas de expectativas de inflación, continúan bien ancladas en torno al centro del rango meta. El Consejo estima que, en el escenario más probable, ajustes pausados de la tasa de interés siguen siendo necesarios para mantener la inflación proyectada en torno a 3% anual en el horizonte habitual de política. La oportunidad de estos ajustes dependerá de las implicancias de las noticias de actividad, tipo de cambio y precios, sobre la trayectoria esperada de la inflación.”"
674,3a93ebe7b059886af563851f2dbd2ad999d14d396dea16aa4e255ab36bf7d6ab,2006-05-11,912;913,Vittorio Corbo Lioi;Consejo del Banco Central de Chile,913,Vittorio Corbo Lioi,SUJETO_ROL_NOMBRE,RPM-2006-05-11:T39,INICIO_EXPLICITO,,"El Presidente señor Vittorio Corbo, señala que el entorno externo continúa muy favorable, con una economía mundial que sigue mostrando un gran dinamismo en forma cada vez más generalizada y condiciones financieras que se mantienen auspiciosas, a pesar del progreso en la normalización de la política monetaria en las principales economías industriales. Agrega, que los precios del cobre siguen marcando récord y los del petróleo se mantienen altos. En el frente interno, de acuerdo a lo esperado, la demanda modera su crecimiento a partir de los elevados valores alcanzados a fines del año pasado, especialmente, en lo que se refiere a la inversión, y el crecimiento de la actividad se aproxima hacia valores de tendencia. Sin embargo, en los meses recientes, la actividad crece algo por debajo de lo proyectado, debido especialmente a problemas puntuales de oferta en algunos sectores primarios. Señala el señor Presidente, que en contraste, el empleo sigue mostrando un importante dinamismo. Señala que aunque las condiciones financieras continúan siendo expansivas, su expansividad se ha atenuado en el margen, por el aumento en las tasas de interés de mediano y largo plazo, especialmente, para los instrumentos reajustables. Sin embargo, estima que la tasa de crecimiento del crédito sigue alta, aunque su velocidad se ha estabilizado. En el frente inflacionario, la inflación anual del IPC sigue afectada por los altos precios de los combustibles, y últimamente por las contribuciones, mientras que la inflación del IPCX1 sigue en línea con las proyecciones previas. De otra parte, las distintas medidas de expectativas de inflación se mantienen ancladas en torno al 3% anual. Hace presente, el señor Presidente, que con las proyecciones del IPOM de mayo, que este año y el próximo la actividad crecerá más que el PIB de tendencia, las holguras de capacidad se coparían este año mientras que el próximo habría una brecha positiva. En estas circunstancias, le parece que la política monetaria tiene que seguir su curso de normalización para que la inflación proyectada en un horizonte de 12 a 24 meses, converja al centro del rango meta. Del curso final que tome la inflación proyectada, la política monetaria dependerá de una serie de factores, los cuales se tienen que ir clarificando en los próximos meses. Entre estos factores, el señor Presidente destaca la evolución del precio del cobre, la tendencia de los costos laborales unitarios, precios de los combustibles, tipo de cambio y brechas de capacidad. Señala el señor Presidente, que como no hay noticias relevantes, excepto el abrupto aumento en el precio del cobre, en lo que se refiere a estas variables y dado el progreso ya observado en la reducción de la expansividad de la política monetaria hay espacio para hacer una pausa en el proceso de normalización, a la espera de nueva información. Además, estima que el mercado también espera una pausa. Por lo anterior, su voto es por mantener la tasa de política en 5.0%."
674,3a93ebe7b059886af563851f2dbd2ad999d14d396dea16aa4e255ab36bf7d6ab,2006-05-11,912;913,Vittorio Corbo Lioi;Consejo del Banco Central de Chile,914,Consejo del Banco Central de Chile,ACTA/META,RPM-2006-05-11:T40,INSTITUCIONAL,,"En mérito de lo anterior, el Consejo, por la unanimidad de sus miembros, adopta el siguiente Acuerdo: 92-01-060511 - Tasa de Política Monetaria. En su reunión mensual de política monetaria, el Consejo del Banco Central de Chile acordó mantener la tasa de interés de política monetaria en 25 puntos base hasta 5% anual. Comunicado ' En su reunión mensual de política monetaria, el Consejo del Banco Central acordó mantener la tasa de interés de política monetaria en 5% anual. El entorno externo relevante para la economía chilena sigue siendo muy favorable, con un precio del cobre que ha aumentado bruscamente, alcanzando niveles muy superiores a proyecciones previas. La información disponible sigue indicando que la demanda interna está moderando su elevada tasa de crecimiento. Asimismo, esta confirma que la actividad del primer trimestre habría crecido menos que lo previsto, aunque por efectos puntuales en sectores específicos. El empleo continúa creciendo a tasas elevadas, especialmente el componente asalariado. Las condiciones financieras internas siguen siendo expansivas, aunque en lo más reciente aparecen más atenuadas. La inflación ha continuado con una trayectoria dentro de lo previsto. Las medidas de inflación anual IPC e IPCX (que excluye combustibles y perecibles) se ubican transitoriamente en la parte alta del rango meta. Por su parte, la inflación subyacente IPCX1 (que además excluye algunos servicios regulados), otros indicadores de la tendencia inflacionaria, y las distintas medidas de expectativas de inflación, continúan bien ancladas en torno al centro del rango meta. Si bien los precios de los combustibles han aumentado, otras presiones de costos están bien contenidas. La decisión de hacer una pausa no modifica la evaluación del Consejo de que, en el escenario más probable, incrementos adicionales de la tasa de interés en meses venideros siguen siendo necesarios para alcanzar una inflación en torno a 3% anual en el horizonte habitual de."
780,c9325d0aa5f9fa57bef82bb441e6a5ef228ee0db912c062c1c0fdc09d758cf13,2006-07-13,1052;1053;1054,José De Gregorio Rebeco;Vittorio Corbo Lioi;Consejo del Banco Central de Chile,1053,José De Gregorio Rebeco,SUJETO_ROL_NOMBRE,RPM-2006-07-13:T67,INICIO_EXPLICITO,POSIBLE_OTRO_HABLANTE_O_MENCION,"El Vicepresidente, señor José De Gregorio señala que el análisis de la Gerencia de División Estudios ha sido particularmente determinante en su visión de la coyuntura. Indica que hace una semana atrás, con una mirada superficial a las noticias del Imacec e inflación, era muy previsible que hoy la tasa de política monetaria debiera subir en 25 puntos base. Sin embargo, un análisis más cuidadoso a la luz de los antecedentes que se han presentado para esta reunión, revela que las opciones hoy están mucho más abiertas. índica el señor Vicepresidente que no se referirá en detalle al escenario internacional, el que sigue siendo pujante, a pesar de que el aumento del precio del petróleo tendrá un impacto en el corto plazo sobre la inflación del IPC y ciertamente se debe evitar que haya efectos de segunda vuelta que generen presiones inflacionarias más costosas de revertir, en términos de la restricción monetaria necesaria para anularlas. Sin embargo, agrega el señor De Gregorio, los antecedentes de la evolución de la economía interna muestran un panorama aún más preocupante. A pesar de las últimas cifras del Imacec, es probable que el tercer trimestre sea más lento del que se contemplara para el IPoM, lo que podría representar un debilitamiento algo más permanente que el crecimiento de la economía con la consecuente menor presión inflacionaria. Por el lado de la demanda interna, el señor José De Gregorio señala que la inversión se desacelera más rápido de lo esperado. También destaca que en el ámbito inflacionario, por un lado, se tienen sorpresas inflacionarias, por el aumento del precio de los combustibles, y la inflación subyacente se encuentra en línea con el objetivo en el horizonte de política, lo que se ve reafirmado por costos laborales unitarios bien contenidos y de acuerdo a las nuevas cifras de empleo, algo menos de lo que se veía hace unos meses atrás. En este escenario, señala el señor Vicepresidente, la principal razón para subir la tasa de interés es seguir con el proceso de normalización iniciado a fines de 2004, después de haber realizado dos pausas. Esto reducirá la probabilidad de que haya efectos de segunda vuelta del alza del precio del petróleo nocivos para la inflación en el horizonte. Sin embargo, las noticias de actividad y costos indican que habría algo más de holguras, lo que permitiría hacer una pausa más en nuestro proceso de alza de tasas. El riesgo en este último caso, es que los antecedentes acumulados no permitan concluir que esta relativa y no muy significativa debilidad sea persistente. En su opinión, la pregunta central, con toda la información que se tiene, es si se sube en esta reunión o en la próxima la tasa de política monetaria. Estima el señor De Gregorio, que al parecer se está en una zona en la cual los aumentos de las tasas de interés serán más pausados de lo que se venían haciendo en meses previos y no es descartable que se esté más cerca del final del proceso de alza de tasas, de lo que hace un tiempo atrás se pensaba. Esto deberá ser evaluado con mucho cuidado a futuro y pudiera ser apropiado hacer una pausa más para señalar que se ha entrado en una región de mayor lentitud en las alzas de tasas. Señala, que en este caso habrá que indicar claramente en el comunicado del Banco Central que esta pausa, no anticipada, es el resultado de noticias en términos de actividad que han sido más débiles de lo esperado, con menores implicancias inflacionarias. El riesgo es que se dé una señal negativa basada en datos muy puntuales. Por otro lado, indica el señor Vicepresidente se puede subir la tasa, indicando efectivamente que la duración de las próximas pausas será mayor. En este caso, sería más fácil comunicar algo que es ampliamente esperado. Sin embargo, esta segunda opción tiene el gran riesgo de tener que revertiría en el corto plazo, en caso que sea un escenario más vigoroso y con mayores presiones inflacionarias. Decidir entre ambas opciones no es claro y se debería trivialmente a los riesgos y dilemas que se están enfrentando y a las consideraciones que se han hecho hasta ahora. No obstante, el señor Vicepresidente menciona que es prematuro dar una señal de debilidad de la que no se está seguro de su persistencia. Finalmente, menciona que se puede indicar que las pausas serán más frecuentes, que probablemente la estrategia de normalización esté más cerca que lo previsto hace meses atrás y de acuerdo a un escenario que está dando señales de alguna debilidad, pero nada muy fuera de línea con el escenario central. Por lo anterior, manifiesta el señor Vicepresidente que le parece prudente para afirmar un mejor manejo de todos los riesgos envueltos en esta decisión y asegurar además que no haya efectos de segunda vuelta de las malas noticias por el lado del petróleo, subir la tasa de interés en 25 puntos base y, en consecuencia, vota en tal sentido. En la economía nacional, las cifras de mayo tienden a validar la hipótesis de que el bajo crecimiento de abril había sido algo transitorio. En términos generales, el cuadro macroeconómico se mantiene alineado con el escenario central del IPoM con un segundo trimestre en que la inversión crece por debajo de lo proyectado y el resto de la demanda interna algo por encima. Las condiciones financieras no siguieron reduciendo su grado de expansividad y los altos precios que ha retomado el cobre hacen pensar que incluso con la regla fiscal la situación fiscal sería más expansiva el año 2007. Lo que sí ha cambiado, indica el señor Corbo, pero sin efectos perceptibles hasta ahora en las cifras macroeconómicas agregadas, son las expectativas tanto de las personas como de las empresas las que muestran un claro deterioro en los meses recientes. Esto último aumenta el riesgo de que el crecimiento del segundo semestre termine algo por debajo de lo proyectado y que las brechas de capacidad tiendan a coparse a una velocidad algo más lenta de lo estimado. En lo que se refiere a la inflación, la evolución reciente de las distintas medidas de tendencia inflacionaria muestran una leve desaceleración en el margen y, en líneas generales, se encuentran también alineadas con las del escenario central del IPoM. Asimismo, las distintas medidas de expectativas de inflación se mantienen ancladas en torno al 3% anual. En lo que se refiere al costo de la mano de obra, éstos siguen creciendo a tasas en torno del 5,5% anual. En contraste, la inflación del IPC ha aumentado en los últimos meses como resultado de los aumentos en los precios de combustible y, en menor medida, del tipo de cambio. Esto ha hecho que la inflación proyectada del IPC a partir de fines del tercer trimestre se encuentre más de medio punto por encima de lo proyectado en el IPoM y de lo proyectado por el mercado. Más aún, los aumentos recientes en la inflación del IPC incrementan el riesgo que los salarios comiencen a crecer más rápido y que expectativas de inflación se tiendan a desanclar, lo que podría terminar afectando en forma más permanente las distintas medidas de tendencia inflacionaria. Los aumentos recientes en los precios del petróleo incrementan este riesgo."
780,c9325d0aa5f9fa57bef82bb441e6a5ef228ee0db912c062c1c0fdc09d758cf13,2006-07-13,1052;1053;1054,José De Gregorio Rebeco;Vittorio Corbo Lioi;Consejo del Banco Central de Chile,1054,Vittorio Corbo Lioi,SUJETO_ROL_NOMBRE,RPM-2006-07-13:T68,INICIO_EXPLICITO,,"Señala el Presidente, señor Corbo que con respecto a la decisión de esta reunión, las encuestas de opinión de los analistas muestran que en forma unánime éstos esperan un alza en la tasa de política monetaria, por lo que no habrían cambios importantes en los precios de activos financieros si ésta en efecto se subiera. Por otro lado, señala el señor Presidente que el no hacerio, puede ser interpretado como que el Banco tiene un panorama esperado para la inflación benigno, lo cual no se condice con las revisiones al alza que han tenido las proyecciones de inflación de corto plazo, unido a los efectos inflacionarios de segunda vuelta que pueden terminar teniendo aumentos como los que estamos experimentando en los precios de los combustibles, para una economía donde las brechas de capacidad han ido desapareciendo. Estas consideraciones recomendarían subir la tasa de política monetaria y continuar con la trayectoria de normalización considerada en el último IPoM. De otra parte, dado el fuerte ajuste a la baja en las expectativas y las proyecciones iniciales de actividad para el tercer trimestre, no se puede descartar que el crecimiento del segundo semestre resulte menor al proyectado, lo que sugeriría una normalización más pausada de la política monetaria. Esto sería por encima de la mayor incertidumbre con respecto a cuán cerca se está de la tasa neutral, dadas las condiciones cíclicas de la economía. Considerando el efecto neto de ambos factores, su decisión también es por subir la tasa otro cuarto de punto ahora, pero al mismo tiempo, señalar explícitamente en el comunicado que, en el escenario más probable, la normalización de la política monetaria sería con pausas más prolongadas de las que se han observado en los últimos trimestres."
780,c9325d0aa5f9fa57bef82bb441e6a5ef228ee0db912c062c1c0fdc09d758cf13,2006-07-13,1052;1053;1054,José De Gregorio Rebeco;Vittorio Corbo Lioi;Consejo del Banco Central de Chile,1055,Consejo del Banco Central de Chile,ACTA/META,RPM-2006-07-13:T69,INSTITUCIONAL,,"En mérito de lo anterior, el Consejo, por la unanimidad de sus miembros, adopta el siguiente Acuerdo: 95-01-060713 - Tasa de Política Monetaria. En su reunión mensual de política monetaria, el Consejo del Banco Central acordó aumentar la tasa de interés de política monetaria en 25 puntos base, hasta 5,25% anual. Comunicado “En su reunión mensual de política monetaria, el Consejo del Banco Central de Chile acordó aumentar la tasa de interés de política monetaria en 25 puntos base hasta 5,25% anual. El entorno externo relevante para la economía chilena se mantiene favorable. La volatilidad observada durante las últimas semanas en los mercados financieros internacionales se ha reducido. El precio del cobre se ha vuelto a elevar y el del petróleo alcanza niveles récord. La demanda interna habría moderado su tasa de crecimiento en el segundo trimestre, en línea con lo proyectado en el último Informe de Política Monetaria. Los indicadores más recientes de actividad apoyan la evaluación de que el bajo registro de abril obedeció principalmente a factores transitorios. No obstante, los antecedentes disponibles apuntan a que el aumento en el ritmo de crecimiento contemplado para el segundo semestre podría ser algo inferior al previsto. Por su parte, el empleo asalariado continúa aumentando con relativo vigor y las condiciones financieras internas siguen siendo expansivas. La inflación del IPC se ubica en la parte alta del rango meta y probablemente postergue su convergencia hacia el centro de éste durante algunos trimestres, debido a la incidencia del mayor precio de los combustibles. Las medidas de inflación subyacente IPCX e IPCX1 (que excluyen combustibles, perecibles y algunos servicios regulados) se ubican alrededor de 3%. Otros indicadores de la tendencia inflacionaria se mantienen estables y las distintas mediciones de expectativas de inflación continúan ancladas en torno a 3%. Si bien los precios de los combustibles han seguido aumentando, otras presiones de costos están contenidas. El Consejo estima que, en el escenario más probable, siguen siendo necesarios ajustes pausados de la tasa de interés para mantener la inflación proyectada en torno a 3% anual, El Consejo estima que, en el escenario más probable, siguen siendo necesarios ajustes pausados de la tasa de interés para mantener la inflación proyectada en torno a 3% anual, en el horizonte habitual de política. La oportunidad de estos ajustes dependerá de los antecedentes que se acumulen, pudiendo ser menos frecuentes que en los últimos trimestres."""
1020,78a541c15e76f15c589d26248c9ac7ba54b9d067ab58b761c57dbeb07edaf253,2006-12-14,1333;1334,Vittorio Corbo Lioi;Consejo del Banco Central de Chile,1334,Vittorio Corbo Lioi,SUJETO_ROL_NOMBRE,RPM-2006-12-14:T63,INICIO_EXPLICITO,,"El Presidente señor Vittorio Corbo agradece a la Gerencia de División Estudios el análisis de los acontecimientos ocurridos desde la última Reunión de Política Monetaria. Señala que quiere centrar su intervención en identificar las novedades y su implicancia de política. Señala el señor Corbo que el escenario internacional sigue mostrando un alto dinamismo, a pesar de la desaceleración del crecimiento de los Estados Unidos de América que ha sido compensada por el mayor dinamismo de la zona euro. Estas buenas perspectivas no han logrado disipar la incertidumbre sobre el curso futuro de esa economía, principalmente por desconocimiento de la dimensión que alcanzará la corrección final del sector vivienda y los efectos de ésta en el resto de la economía. Hasta ahora, señala el señor Presidente, la corrección del sector vivienda, como lo señaló en su último Comunicado la Reserva Federal ha sido sustancial, sin embargo, su defecto en la economía total se ha visto contrarrestado por un sector servicios que mantiene un alto dinamismo. Indica que como resultado, el mercado laboral se mantiene robusto, unido a los menores precios de los combustibles, apoyando el crecimiento del consumo privado. Así, en el escenario central se espera que Estados Unidos de América crezca algo por debajo del potencial hasta el primer semestre de 2007. En la zona euro, en tanto, los favorables indicadores de expectativas de empresarios y consumidores, apuntan a que este dinamismo debiera continuar. Indica el señor Corbo que el dólar ha seguido debilitándose en los mercados internacionales, con alguna reversión en los últimos dos días, y las tasas de interés de los bonos de largo plazo muestran una fuerte volatilidad, muy asociada a las noticias de actividad y su eventual efecto en las tasas de interés de política en las principales economías industriales. En cuanto a precios de productos primarios, indica el Presidente señor Corbo que éstos han evolucionado en línea con lo esperado. El precio del cobre se acerca a los US$ 3 la libra y el del petróleo muestra un cierto rebote después de la importante caída experimentada en los tres meses previos. En este contexto, Chile continúa enfrentando un escenario externo favorable, en cuanto a actividad y condiciones financieras, pero una caída en el margen de los muy favorables términos de intercambio, lo que era algo esperado. En la economía local aparecen las primeras señales del repunte esperado de la actividad. El sector manufacturero, que había sorprendido por su debilidad, tuvo un importante repunte en octubre, lo que llevó a la variación anual del Imacec a niveles sobre el 5%. Además, indicadores parciales muestran que la inversión continúa tomando fuerza, después de la desaceleración que experimentó en los últimos cuatro trimestres y coherente con lo anticipado en base a las intenciones de inversión. Indica el Presidente señor Corbo, que el mercado laboral apoya este buen panorama interno en una creación de empleo asalariado muy dinámica y menores tasas de desempleo. Sin embargo, el repunte sostenido de la actividad no está asegurado. Con respecto a la inflación, señala el señor Presidente que las sorpresas no se repitieron, ya que siguen mostrando un escenario de aumento acotado de precios, con una tendencia inflacionaria bajo el centro del rango meta, aunque con algunos signos menos claros respecto de la dirección de esta tendencia. Agrega, que las escasas sorpresas de este mes, hacen que la opción de política de mantener la tasa de política monetaria es la más apropiada y congruente con el Comunicado de noviembre, donde los cambios futuros dependerían de las implicancias de los acontecimientos para la inflación proyectada. Por lo anterior, el Presidente señor Vittorio Corbo también vota por mantener la tasa de política en 5,25%."
1020,78a541c15e76f15c589d26248c9ac7ba54b9d067ab58b761c57dbeb07edaf253,2006-12-14,1333;1334,Vittorio Corbo Lioi;Consejo del Banco Central de Chile,1335,Consejo del Banco Central de Chile,ACTA/META,RPM-2006-12-14:T64,INSTITUCIONAL,,"En mérito de lo anterior, el Consejo, por la unanimidad de sus miembros, adopta el siguiente Acuerdo; 101-01-061214-T asa de Política Monetaria. En su reunión mensual de política monetaria, el Consejo del Banco Central de Chile acordó mantener la tasa de interés de política monetaria en 5,25% anual. Comunicado “ En su reunión mensual de política monetaria, el Consejo del Banco Central de Chile acordó mantener la tasa de interés de política monetaria en 5,25% anual. El entorno externo relevante para la economía chilena se mantiene favorable. El crecimiento global continúa alto, los precios de los productos básicos siguen elevados y las condiciones financieras internacionales se mantienen ventajosas. Si bien la actividad interna continúa por debajo de lo previsto en el último Informe de Política Monetaria, la información más reciente sugiere que estaría recobrando mayor dinamismo durante este trimestre. Se aprecia un mejor desempeño del sector industrial y de la inversión. El empleo asalariado continúa aumentando y el desempleo se reduce. Las condiciones financieras internas permanecen favorables, observándose signos de atenuación del elevado crecimiento del crédito. Estos antecedentes son coherentes con un repunte del crecimiento. La inflación anual del IPC se ubica cerca del piso del rango meta, por debajo de proyecciones previas, debido a la incidencia del menor precio de los combustibles y a una reducida inflación subyacente IPCX1 (que excluye combustibles y perecibles, y algunos servicios regulados). Otros indicadores de la tendencia inflacionaria siguen bajos, si bien algunos exhiben una incipiente reversión. Las presiones de costos están contenidas. Estos antecedentes permiten prever que la inflación se ubicará, por algún tiempo, por debajo del centro del rango meta. Las expectativas de inflación de largo plazo continúan ancladas en torno a 3%. El Consejo reafirma su compromiso de conducir la política monetaria de manera que la inflación proyectada se ubique en 3% en el horizonte de política. Cambios futuros en la TPM para lograr este objetivo dependerán de la nueva información que se acumule y sus implicancias sobre la inflación proyectada."""
2981,a786b1a89d62184cd923e9ac5c70552d8e5cc4077caf17ea0e5f6f8a0c686f36,2010-03-18,4332;4333;4334;4335;4336;4337,Enrique Marshall Rivera;Claudio Soto Gamboa;Pablo García Silva;Claudio Soto Gamboa;Enrique Marshall Rivera;Claudio Soto Gamboa,4333,Enrique Marshall Rivera,SUJETO_NOMBRE,RPM-2010-03-18:T15,INICIO_EXPLICITO,FINAL_SIN_PUNTUACION,"El señor Enrique Marshall consulta si la ecuación que se presenta comprende la variación referencial,"
2981,a786b1a89d62184cd923e9ac5c70552d8e5cc4077caf17ea0e5f6f8a0c686f36,2010-03-18,4332;4333;4334;4335;4336;4337,Enrique Marshall Rivera;Claudio Soto Gamboa;Pablo García Silva;Claudio Soto Gamboa;Enrique Marshall Rivera;Claudio Soto Gamboa,4334,Claudio Soto Gamboa,SUJETO_NOMBRE,RPM-2010-03-18:T16,INICIO_EXPLICITO,,"a lo cual el señor Claudio Soto responde que el INE entregó una serie de niveles de salarios para todo el 2009, a diferencia de la Gerencia de Análisis Macroeconómico, que ha hecho un empalme muy sencillo por regla de tres a partir de enero de 2009 con la serie histórica. Agrega que el INE ha señalado que esta comparación no es válida, porque son muestras distintas, ponderadores distintos, por lo que la estimación del Banco es, en realidad, muy gruesa y es lo mejor que se tiene disponible. Continuando con su exposición, el señor Claudio Soto hace presente que el INE realizó varios cambios, siendo los dos más importantes, la ponderación de los distintos sectores económicos y un cambio de muestra. Indica que lo que su Gerencia ha evaluado hasta ahora es que el cambio de ponderación es lo más relevante para explicar el cambio en la serie de salarios. Explica que si se utilizaran los ponderadores antiguos, se llegaría a algo bastante parecido a lo que fue la historia, por lo que las diferencias más significativas con el nuevo índice se pueden asociar al cambio de ponderadores."
2981,a786b1a89d62184cd923e9ac5c70552d8e5cc4077caf17ea0e5f6f8a0c686f36,2010-03-18,4332;4333;4334;4335;4336;4337,Enrique Marshall Rivera;Claudio Soto Gamboa;Pablo García Silva;Claudio Soto Gamboa;Enrique Marshall Rivera;Claudio Soto Gamboa,4335,Pablo García Silva,SUJETO_ROL_SESION,RPM-2010-03-18:T17,INICIO_EXPLICITO,,"Al respecto, el Gerente de División Estudios aclara que “referencial” es la forma como el INE llama a los datos que no quiere denominar como oficiales. Señala que ese Instituto no quiso revisar la historia, por lo que todos los datos del año 2009 los denomina índices referenciales."
2981,a786b1a89d62184cd923e9ac5c70552d8e5cc4077caf17ea0e5f6f8a0c686f36,2010-03-18,4332;4333;4334;4335;4336;4337,Enrique Marshall Rivera;Claudio Soto Gamboa;Pablo García Silva;Claudio Soto Gamboa;Enrique Marshall Rivera;Claudio Soto Gamboa,4336,Claudio Soto Gamboa,SUJETO_ROL_SESION,RPM-2010-03-18:T18,INICIO_EXPLICITO,,"Refiriéndose ahora a la inflación, el Gerente de Análisis Macroeconómico informa que el IPC de febrero estuvo bastante en línea con lo que el Banco esperaba y que, de hecho, fue levemente mayor al que había estimado la Gerencia a su cargo. Hace presente que se tuvo una sorpresa de una magnitud relevante en los componentes subyacentes, ascendente a tres décimas, fundamentalmente por aumentos en precios de alimentos no perecibles y por una disminución menor que la anticipada en el caso del vestuario. Explica que en el caso del 1PCX1, ello se compensó, en parte, por la reducción de las tarifas eléctricas, que fue mayor que la anticipada y que correspondió a una reliquidación en el mes de febrero cuando se compensó a los clientes por el atraso de la entrada en vigencia del decreto tarifario dictado en noviembre. Comenta que esa compensación es por una vez, por lo que esta se revierte después. Menciona también el caso de los combustibles, que generó una diferencia a la baja por las presiones del tipo de cambio durante el mes y por las variaciones del precio del petróleo. V* Con todo, el señor Soto indica que en el margen las velocidades de los distintos componentes de la inflación han estado aumentando, tanto el IPC como los componentes un poco más subyacentes. En el caso del IPCX1, señala que la velocidad mensual también está subiendo y que se está acercando a 3%, y que la del IPC total está algo por sobre 3%. Advierte que estas medidas de velocidad deben ser vistas con bastante cuidado porque contemplan una desestacionalización y se sabe que el patrón estacional del IPC cambió a partir del año 2009. Explica que esa Gerencia ha tratado de reconstruir la historia estacional del IPC total con la propia lectura sobre lo que fue la serie de vestuarios y con datos micro que dispone, y a partir de eso desestacionalizar, pero insiste que la reconstrucción que están tratando de hacer es bastante gruesa. En cuanto al escenario post terremoto, el Gerente de Análisis Macroeconómico manifiesta que, respecto de febrero y con las nuevas cifras de Cuentas Nacionales, el cambio de nivel del PIB para el primer trimestre es de 0,8%, mayor que el que se tenía antes de conocerse el cierre de cuentas, y que se estima que el impacto del terremoto será de -2% para dicho trimestre. Con ello, señala que la variación neta de la proyección para el primer trimestre se corrige en 1,1% a la baja. Agrega que para el segundo trimestre, el 0,8% del primer trimestre se mantiene, porque es un nivel más alto del PIB para comenzar el año, y que se está considerando una caída por efecto del terremoto de -1,4%, por lo que el PIB se corrige en 0,7% a la baja. Refiriéndose a los distintos sectores, comenta que hay sectores que obviamente se van a ver más afectados con esta catástrofe, como es el caso del sector industria, donde se observa que la situación de mayor debilidad va a continuar durante el segundo trimestre. No obstante, destaca que hay otros sectores que van a verse compensados en su dinámica de crecimiento, como es el caso del de la construcción, donde se espera que haya un rebote y más actividad en el segundo trimestre que lo que se hubiera registrado de no haber ocurrido el terremoto."
2981,a786b1a89d62184cd923e9ac5c70552d8e5cc4077caf17ea0e5f6f8a0c686f36,2010-03-18,4332;4333;4334;4335;4336;4337,Enrique Marshall Rivera;Claudio Soto Gamboa;Pablo García Silva;Claudio Soto Gamboa;Enrique Marshall Rivera;Claudio Soto Gamboa,4337,Enrique Marshall Rivera,SUJETO_ROL_NOMBRE,RPM-2010-03-18:T19,INICIO_EXPLICITO,FINAL_SIN_PUNTUACION,"El Consejero señor Enrique Marshall consulta a qué corresponden el -1,1% y el - 0,7%,"
2981,a786b1a89d62184cd923e9ac5c70552d8e5cc4077caf17ea0e5f6f8a0c686f36,2010-03-18,4332;4333;4334;4335;4336;4337,Enrique Marshall Rivera;Claudio Soto Gamboa;Pablo García Silva;Claudio Soto Gamboa;Enrique Marshall Rivera;Claudio Soto Gamboa,4338,José De Gregorio Rebeco,CONTEXTO_REVISADO,RPM-2010-03-18:T20,SIN_CONTINUIDAD_CONFIRMADA,,"señalando el señor Presidente que es el cambio en la tasa de crecimiento respecto a un escenario pre terremoto. Agrega que como consecuencia del terremoto, el nivel del PIB podría disminuir 2% en el primer trimestre y 1,4% en el segundo."
2981,a786b1a89d62184cd923e9ac5c70552d8e5cc4077caf17ea0e5f6f8a0c686f36,2010-03-18,4332;4333;4334;4335;4336;4337,Enrique Marshall Rivera;Claudio Soto Gamboa;Pablo García Silva;Claudio Soto Gamboa;Enrique Marshall Rivera;Claudio Soto Gamboa,4339,Claudio Soto Gamboa,SUJETO_NOMBRE,RPM-2010-03-18:T21,INICIO_EXPLICITO,,"El señor Soto complementa, aclarando que si no hubiese ocurrido esa catástrofe, se habría tenido un PIB 0,8% mayor que en la Reunión de Política Monetaria pasada, cuando todavía no se conocía el cierre de cuentas."
