ID_Padre,Fecha,ID_Antes,ID_Actual,Actor,Rol_Antes,Rol_Actual,Fuente_Rol
1853,2008-06-10,2486,2492,Sergio Lehmann Beresi,Consejero,Gerente de Análisis Internacional,LISTA_ASISTENCIA
1855,2008-06-10,2488,2494,Pablo García Silva,Consejero,Gerente de División Estudios,LISTA_ASISTENCIA
1856,2008-06-10,2489,2495,Sergio Lehmann Beresi,Consejero,Gerente de Análisis Internacional,LISTA_ASISTENCIA
1858,2008-06-10,2492,2498,Sergio Lehmann Beresi,Consejero,Gerente de Análisis Internacional,LISTA_ASISTENCIA
1858,2008-06-10,2494,2500,Sergio Lehmann Beresi,Consejero,Gerente de Análisis Internacional,LISTA_ASISTENCIA
1859,2008-06-10,2496,2502,Sergio Lehmann Beresi,Consejero,Gerente de Análisis Internacional,LISTA_ASISTENCIA
1860,2008-06-10,2498,2504,Sergio Lehmann Beresi,Consejero,Gerente de Análisis Internacional,LISTA_ASISTENCIA
1861,2008-06-10,2500,2506,Sergio Lehmann Beresi,Consejero,Gerente de Análisis Internacional,LISTA_ASISTENCIA
1862,2008-06-10,2502,2508,Sergio Lehmann Beresi,Consejero,Gerente de Análisis Internacional,LISTA_ASISTENCIA
1865,2008-06-10,2505,2511,Pablo García Silva,Consejero,Gerente de División Estudios,LISTA_ASISTENCIA
1867,2008-06-10,2507,2513,Claudio Soto Gamboa,Consejero,Gerente de Análisis Macroeconómico,LISTA_ASISTENCIA
1867,2008-06-10,2508,2514,Sergio Lehmann Beresi,Consejero,Gerente de Análisis Internacional,LISTA_ASISTENCIA
1868,2008-06-10,2510,2516,Sergio Lehmann Beresi,Consejero,Gerente de Análisis Internacional,LISTA_ASISTENCIA
1869,2008-06-10,2513,2519,Sergio Lehmann Beresi,Consejero,Gerente de Análisis Internacional,LISTA_ASISTENCIA
1869,2008-06-10,2515,2521,Claudio Soto Gamboa,Consejero,Gerente de Análisis Macroeconómico,LISTA_ASISTENCIA
1869,2008-06-10,2517,2523,Claudio Soto Gamboa,Consejero,Gerente de Análisis Macroeconómico,LISTA_ASISTENCIA
1870,2008-06-10,2520,2526,Sergio Lehmann Beresi,Consejero,Gerente de Análisis Internacional,LISTA_ASISTENCIA
1870,2008-06-10,2522,2528,Sergio Lehmann Beresi,Consejero,Gerente de Análisis Internacional,LISTA_ASISTENCIA
1871,2008-06-10,2524,2530,Sergio Lehmann Beresi,Consejero,Gerente de Análisis Internacional,LISTA_ASISTENCIA
1872,2008-06-10,2526,2532,Claudio Soto Gamboa,Consejero,Gerente de Análisis Macroeconómico,LISTA_ASISTENCIA
1873,2008-06-10,2528,2534,Claudio Soto Gamboa,Consejero,Gerente de Análisis Macroeconómico,LISTA_ASISTENCIA
1873,2008-06-10,2530,2536,Pablo García Silva,Consejero,Gerente de División Estudios,LISTA_ASISTENCIA
1876,2008-06-10,2533,2539,Claudio Soto Gamboa,Consejero,Gerente de Análisis Macroeconómico,LISTA_ASISTENCIA
1878,2008-06-10,2535,2541,Pablo García Silva,Consejero,Gerente de División Estudios,LISTA_ASISTENCIA
1878,2008-06-10,2537,2543,Claudio Soto Gamboa,Consejero,Gerente de Análisis Macroeconómico,LISTA_ASISTENCIA
1884,2008-06-10,2544,2551,Pablo García Silva,Consejero,Gerente de División Estudios,LISTA_ASISTENCIA
1885,2008-06-10,2546,2553,Claudio Soto Gamboa,Consejero,Gerente de Análisis Macroeconómico,LISTA_ASISTENCIA
1886,2008-06-10,2547,2554,Pablo García Silva,Consejero,Gerente de División Estudios,LISTA_ASISTENCIA
1889,2008-06-10,2551,2558,Claudio Soto Gamboa,Consejero,Gerente de Análisis Macroeconómico,LISTA_ASISTENCIA
1893,2008-06-10,2556,2563,Pablo García Silva,Consejero,Gerente de División Estudios,LISTA_ASISTENCIA
1895,2008-06-10,2558,2565,Claudio Soto Gamboa,Consejero,Gerente de Análisis Macroeconómico,LISTA_ASISTENCIA
1896,2008-06-10,2560,2567,Claudio Soto Gamboa,Consejero,Gerente de Análisis Macroeconómico,LISTA_ASISTENCIA
1897,2008-06-10,2562,2569,Claudio Soto Gamboa,Consejero,Gerente de Análisis Macroeconómico,LISTA_ASISTENCIA
1898,2008-06-10,2563,2570,Pablo García Silva,Consejero,Gerente de División Estudios,LISTA_ASISTENCIA
1899,2008-06-10,2565,2572,Claudio Soto Gamboa,Consejero,Gerente de Análisis Macroeconómico,LISTA_ASISTENCIA
1900,2008-06-10,2567,2574,Pablo García Silva,Consejero,Gerente de División Estudios,LISTA_ASISTENCIA
1902,2008-06-10,2571,2578,Pablo García Silva,Consejero,Gerente de División Estudios,LISTA_ASISTENCIA
1904,2008-06-10,2573,2580,Beltrán de Ramón Acevedo,Consejero,Gerente de División Operaciones Financieras,LISTA_ASISTENCIA
1905,2008-06-10,2574,2581,Kevin Cowan Logan,Consejero,Gerente de División Política Financiera,LISTA_ASISTENCIA
2303,2009-02-12,3129,3136,Sergio Lehmann Beresi,Consejero,Gerente de Análisis Internacional,LISTA_ASISTENCIA
2305,2009-02-12,3131,3138,Sergio Lehmann Beresi,Consejero,Gerente de Análisis Internacional,LISTA_ASISTENCIA
2307,2009-02-12,3133,3140,Sergio Lehmann Beresi,Consejero,Gerente de Análisis Internacional,LISTA_ASISTENCIA
2309,2009-02-12,3135,3142,Beltrán de Ramón Acevedo,Consejero,Gerente de División Operaciones Financieras,LISTA_ASISTENCIA
2311,2009-02-12,3137,3144,Sergio Lehmann Beresi,Consejero,Gerente de Análisis Internacional,LISTA_ASISTENCIA
2312,2009-02-12,3139,3146,Pablo García Silva,Consejero,Gerente de División Estudios,LISTA_ASISTENCIA
2312,2009-02-12,3140,3147,Sergio Lehmann Beresi,Consejero,Gerente de Análisis Internacional,LISTA_ASISTENCIA
2312,2009-02-12,3142,3149,Sergio Lehmann Beresi,Consejero,Gerente de Análisis Internacional,LISTA_ASISTENCIA
2316,2009-02-12,3146,3153,Sergio Lehmann Beresi,Consejero,Gerente de Análisis Internacional,LISTA_ASISTENCIA
2318,2009-02-12,3148,3155,Sergio Lehmann Beresi,Consejero,Gerente de Análisis Internacional,LISTA_ASISTENCIA
2319,2009-02-12,3150,3157,Sergio Lehmann Beresi,Consejero,Gerente de Análisis Internacional,LISTA_ASISTENCIA
2323,2009-02-12,3155,3162,Kevin Cowan Logan,Consejero,Gerente de División Política Financiera,LISTA_ASISTENCIA
2325,2009-02-12,3158,3165,Pablo García Silva,Consejero,Gerente de División Estudios,LISTA_ASISTENCIA
2330,2009-02-12,3164,3171,Kevin Cowan Logan,Consejero,Gerente de División Política Financiera,LISTA_ASISTENCIA
2333,2009-02-12,3167,3174,Claudio Soto Gamboa,Consejero,Gerente de Análisis Macroeconómico,LISTA_ASISTENCIA
2334,2009-02-12,3168,3175,Claudio Soto Gamboa,Consejero,Gerente de Análisis Macroeconómico,LISTA_ASISTENCIA
2335,2009-02-12,3169,3176,Claudio Soto Gamboa,Consejero,Gerente de Análisis Macroeconómico,LISTA_ASISTENCIA
2337,2009-02-12,3171,3179,Claudio Soto Gamboa,Consejero,Gerente de Análisis Macroeconómico,LISTA_ASISTENCIA
2338,2009-02-12,3173,3181,Claudio Soto Gamboa,Consejero,Gerente de Análisis Macroeconómico,LISTA_ASISTENCIA
2340,2009-02-12,3176,3184,Pablo García Silva,Consejero,Gerente de División Estudios,LISTA_ASISTENCIA
2342,2009-02-12,3178,3186,Pablo García Silva,Consejero,Gerente de División Estudios,LISTA_ASISTENCIA
2344,2009-02-12,3180,3188,Pablo García Silva,Consejero,Gerente de División Estudios,LISTA_ASISTENCIA
2344,2009-02-12,3181,3189,Claudio Soto Gamboa,Consejero,Gerente de Análisis Macroeconómico,LISTA_ASISTENCIA
2347,2009-02-12,3185,3193,Pablo García Silva,Consejero,Gerente de División Estudios,LISTA_ASISTENCIA
2349,2009-02-12,3187,3195,Pablo García Silva,Consejero,Gerente de División Estudios,LISTA_ASISTENCIA
2349,2009-02-12,3188,3196,Claudio Soto Gamboa,Consejero,Gerente de Análisis Macroeconómico,LISTA_ASISTENCIA
2350,2009-02-12,3189,3197,Pablo García Silva,Consejero,Gerente de División Estudios,LISTA_ASISTENCIA
2352,2009-02-12,3191,3199,Matías Bernier Bórquez,Consejero,Gerente de Mercados Financieros Nacionales,LISTA_ASISTENCIA
2359,2009-02-12,3201,3209,Matías Bernier Bórquez,Consejero,Gerente de Mercados Financieros Nacionales,LISTA_ASISTENCIA
2362,2009-02-12,3205,3213,Pablo García Silva,Consejero,Gerente de División Estudios,LISTA_ASISTENCIA
2364,2009-02-12,3207,3215,Kevin Cowan Logan,Consejero,Gerente de División Política Financiera,LISTA_ASISTENCIA
2366,2009-02-12,3209,3217,Beltrán de Ramón Acevedo,Consejero,Gerente de División Operaciones Financieras,LISTA_ASISTENCIA
2368,2009-02-12,3211,3219,Matías Bernier Bórquez,Consejero,Gerente de Mercados Financieros Nacionales,LISTA_ASISTENCIA
