Fecha,Tasa_Antes,Tasa_Despues,Delta_PB,IDs_Evidencia,Formulas_Contrastadas
2005-01-11,2.25,2.5,25,57;58,2
2005-02-10,2.5,2.75,25,139;140,2
2005-03-10,2.75,2.75,0,201;202,2
2005-04-07,2.75,3.0,25,261,2
2005-05-12,3.0,3.25,25,322,2
2005-06-09,3.25,3.25,0,359,2
2005-07-12,3.25,3.5,25,411,2
2005-08-11,3.5,3.75,25,468,2
2005-09-08,3.75,4.0,25,502,2
2005-10-11,4.0,4.25,25,552,2
2005-11-10,4.25,4.5,25,610,2
2005-12-13,4.5,4.5,0,675,2
2006-01-12,4.5,4.5,0,725,2
2006-02-09,4.5,4.75,25,771,2
2006-03-16,4.75,4.75,0,808,2
2006-04-13,4.75,5.0,25,886,2
2006-05-11,5.0,5.0,0,928,2
2006-06-15,5.0,5.0,0,999,2
2006-07-13,5.0,5.25,25,1070,2
2006-08-10,5.25,5.25,0,1118,2
2006-09-07,5.25,5.25,0,1171,2
2006-10-12,5.25,5.25,0,1239,2
2006-11-16,5.25,5.25,0,1284,2
2006-12-14,5.25,5.25,0,1350,2
2007-01-11,5.25,5.0,-25,1403,2
2007-02-08,5.0,5.0,0,1467,2
2007-03-15,5.0,5.0,0,1537,2
2007-04-12,5.0,5.0,0,1609,2
2007-05-10,5.0,5.0,0,1662,2
2007-06-14,5.0,5.0,0,1724,2
2007-07-12,5.0,5.25,25,1789,2
2007-08-09,5.25,5.5,25,1853,2
2007-09-13,5.5,5.75,25,1941,2
2007-10-11,5.75,5.75,0,2013,2
2007-11-13,5.75,5.75,0,2088,2
2007-12-13,5.75,6.0,25,2168,2
2008-01-10,6.0,6.25,25,2217,2
2008-02-07,6.25,6.25,0,2285,2
2008-03-13,6.25,6.25,0,2394,2
2008-04-10,6.25,6.25,0,2438,2
2008-05-08,6.25,6.25,0,2532,2
2008-06-10,6.25,6.75,50,2639,2
2008-07-10,6.75,7.25,50,2735,2
2008-08-14,7.25,7.75,50,2833,2
2008-09-04,7.75,8.25,50,2907,2
2008-10-09,8.25,8.25,0,2953,2
2008-11-13,8.25,8.25,0,3012,2
2008-12-11,8.25,8.25,0,3123,2
2009-01-08,8.25,7.25,-100,3189,2
2009-02-12,7.25,4.75,-250,3291,2
2009-03-12,4.75,2.25,-250,3372,2
2009-04-09,2.25,1.75,-50,3517;3519,3
2009-05-07,1.75,1.25,-50,3610,1
2009-06-16,1.25,0.75,-50,3709,2
2009-07-09,0.75,0.5,-25,3824,2
2009-08-13,0.5,0.5,0,3904,2
2009-09-08,0.5,0.5,0,3973,2
2009-10-13,0.5,0.5,0,4055,1
2009-11-12,0.5,0.5,0,4136,2
2009-12-15,0.5,0.5,0,4215,1
2010-01-14,0.5,0.5,0,4283,1
2010-02-11,0.5,0.5,0,4417,1
2010-03-18,0.5,0.5,0,4501,1
2010-04-15,0.5,0.5,0,4594,1
2010-05-13,0.5,0.5,0,4670,1
2010-06-15,0.5,1.0,50,4770,1
2010-07-15,1.0,1.5,50,4874,1
2010-08-12,1.5,2.0,50,4970,1
2010-09-16,2.0,2.5,50,5097,2
2010-10-14,2.5,2.75,25,5186,2
2010-11-16,2.75,3.0,25,5294,1
2010-12-16,3.0,3.25,25,5366,2
2011-01-13,3.25,3.25,0,5455,2
2011-02-17,3.25,3.5,25,5566,2
2011-03-17,3.5,4.0,50,5661,2
2011-04-12,4.0,4.5,50,5743;5744,3
2011-05-12,4.5,5.0,50,5844;5846,2
2011-06-14,5.0,5.25,25,5926;5927,3
2011-07-14,5.25,5.25,0,6028;6029,3
2011-08-18,5.25,5.25,0,6112;6113,3
2011-09-15,5.25,5.25,0,6182;6183,3
2011-10-13,5.25,5.25,0,6267;6268,3
2011-11-15,5.25,5.25,0,6357;6358,3
2011-12-13,5.25,5.25,0,6428;6429,3
2012-01-12,5.25,5.0,-25,6498;6499,3
2012-02-14,5.0,5.0,0,6588;6589,3
2012-03-15,5.0,5.0,0,6685;6686,3
2012-04-17,5.0,5.0,0,6760;6766,3
2012-05-17,5.0,5.0,0,6835;6836,3
2012-06-14,5.0,5.0,0,6892;6893,3
2012-07-12,5.0,5.0,0,6980;6981,3
2012-08-16,5.0,5.0,0,7051;7052,3
2012-09-13,5.0,5.0,0,7116;7117,3
2012-10-18,5.0,5.0,0,7197;7198,3
2012-11-13,5.0,5.0,0,7272;7273,3
2012-12-13,5.0,5.0,0,7329;7330,3
2013-01-17,5.0,5.0,0,7400;7401,3
2013-02-14,5.0,5.0,0,7483;7484,3
2013-03-14,5.0,5.0,0,7547;7548,3
2013-04-11,5.0,5.0,0,7617;7618,3
2013-05-16,5.0,5.0,0,7676;7677,3
2013-06-13,5.0,5.0,0,7752;7753,3
2013-07-11,5.0,5.0,0,7827;7828,3
2013-08-13,5.0,5.0,0,7893;7894,3
2013-09-12,5.0,5.0,0,7964;7965,3
2013-10-17,5.0,4.75,-25,8014;8015,3
2013-11-19,4.75,4.5,-25,8069;8070,3
2013-12-12,4.5,4.5,0,8132;8133,3
2014-01-16,4.5,4.5,0,8184;8185,3
2014-02-18,4.5,4.25,-25,8256;8257,3
2014-03-13,4.25,4.0,-25,8329,2
2014-04-17,4.0,4.0,0,8413;8414,3
2014-05-15,4.0,4.0,0,8477;8478,3
2014-06-12,4.0,4.0,0,8553;8555;8556,4
2014-07-15,4.0,3.75,-25,8610;8611,3
2014-08-14,3.75,3.5,-25,8669;8670,3
2014-09-11,3.5,3.25,-25,8729;8730,3
2014-10-16,3.25,3.0,-25,8793;8794,3
2014-11-18,3.0,3.0,0,8835;8836,3
2014-12-11,3.0,3.0,0,8871;8872,3
2015-01-15,3.0,3.0,0,8926;8927,3
2015-02-12,3.0,3.0,0,8980;8981,3
2015-03-19,3.0,3.0,0,9038;9039,3
2015-04-16,3.0,3.0,0,9113;9114,3
2015-05-14,3.0,3.0,0,9179;9180;9184,3
2015-06-11,3.0,3.0,0,9255;9256,3
2015-07-14,3.0,3.0,0,9318;9319,3
2015-08-13,3.0,3.0,0,9387;9388,3
2015-09-15,3.0,3.0,0,9469;9471;9472,4
2015-10-15,3.0,3.25,25,9550;9551,3
2015-11-12,3.25,3.25,0,9608;9609,3
2015-12-17,3.25,3.5,25,9689;9690,3
